,asset_name,asset_name,{true;false},{true;false},{true;false},{true;false},kEUR/MWh,kEUR/MW/year,MW,MW,MW,MW,p.u.
carrier,from_asset,to_asset,active,is_transport,investable,investment_integer,variable_cost,investment_cost,investment_limit,capacity,initial_export_capacity,initial_import_capacity,efficiency
electricity,NL_E_Balance,BE_E_Demand,True,True,False,False,14,2.6957550984694505,,1000,3400,0,0.9
electricity,BE_E_Balance,NL_E_Demand,True,True,False,False,14,2.6957550984694505,,1000,3400,0,0.9
electricity,NL_E_Balance,NL_E_Demand,True,False,True,False,0.0,0.0,,1000,0,0,1.0
electricity,NL_E_ENS,NL_E_Demand,True,False,True,False,1000.0,0.0,,1000,0,0,1.0
electricity,NL_Wind_Onshore,NL_E_Balance,True,False,True,False,2.06,0.0,,1000,0,0,1.0
electricity,NL_Wind_Offshore,NL_E_Balance,True,False,True,False,4.17,0.0,,1000,0,0,1.0
electricity,NL_Solar,NL_E_Balance,True,False,True,False,0.0,0.0,,1000,0,0,1.0
electricity,NL_E_Balance,NL_Battery,True,False,True,False,0.0,0.0,,1000,0,0,0.9550000000000001
electricity,NL_Battery,NL_E_Demand,True,False,True,False,0.0,0.0,,1000,0,0,0.9550000000000001
electricity,NL_Battery,NL_PEMEC,True,False,True,False,0.0,0.0,,1000,0,0,0.9550000000000001
hydrogen,NL_Blue_Hydrogen,NL_H_Demand,True,False,True,False,57.25,0.0,,1000,0,0,1.0
electricity,NL_E_Balance,NL_PEMEC,True,False,True,False,0.0,0.0,,1000,0,0,1.0
hydrogen,NL_PEMEC,NL_H2Tank,True,False,True,False,0.0,0.0,,1000,0,0,0.585
hydrogen,NL_PEMEC,NL_H_Demand,True,False,True,False,0.0,0.0,,1000,0,0,0.585
electricity,NL_PEMFC,NL_E_Demand,True,False,True,False,0.0,0.0,,1000,0,0,0.5
hydrogen,NL_H2Tank,NL_PEMFC,True,False,True,False,0.0,0.0,,1000,0,0,1.0
hydrogen,NL_H2Tank,NL_H_Demand,True,False,True,False,0.0,0.0,,1000,0,0,1.0
electricity,BE_E_Balance,BE_E_Demand,True,False,True,False,0.0,0.0,,1000,0,0,1.0
electricity,BE_E_ENS,BE_E_Demand,True,False,True,False,1000.0,0.0,,1000,0,0,1.0
electricity,BE_Wind_Onshore,BE_E_Balance,True,False,True,False,2.06,0.0,,1000,0,0,1.0
electricity,BE_Wind_Offshore,BE_E_Balance,True,False,True,False,4.17,0.0,,1000,0,0,1.0
electricity,BE_Solar,BE_E_Balance,True,False,True,False,0.0,0.0,,1000,0,0,1.0
electricity,BE_Hydro,BE_E_Balance,True,False,True,False,0.0,0.0,,1000,0,0,1.0
electricity,BE_E_Balance,BE_Battery,True,False,True,False,0.0,0.0,,1000,0,0,0.9550000000000001
electricity,BE_Battery,BE_E_Demand,True,False,True,False,0.0,0.0,,1000,0,0,0.9550000000000001
electricity,BE_Battery,BE_PEMEC,True,False,True,False,0.0,0.0,,1000,0,0,0.9550000000000001
hydrogen,BE_Blue_Hydrogen,BE_H_Demand,True,False,True,False,57.25,0.0,,1000,0,0,1.0
electricity,BE_E_Balance,BE_PEMEC,True,False,True,False,0.0,0.0,,1000,0,0,1.0
hydrogen,BE_PEMEC,BE_H2Tank,True,False,True,False,0.0,0.0,,1000,0,0,0.585
hydrogen,BE_PEMEC,BE_H_Demand,True,False,True,False,0.0,0.0,,1000,0,0,0.585
electricity,BE_PEMFC,BE_E_Demand,True,False,True,False,0.0,0.0,,1000,0,0,0.5
hydrogen,BE_H2Tank,BE_PEMFC,True,False,True,False,0.0,0.0,,1000,0,0,1.0
hydrogen,BE_H2Tank,BE_H_Demand,True,False,True,False,0.0,0.0,,1000,0,0,1.0
electricity,DE_E_Balance,NL_E_Demand,True,True,False,False,38,2.6957550984694505,,1000,5000,0,0.9
electricity,NL_E_Balance,DE_E_Demand,True,True,False,False,38,2.6957550984694505,,1000,5000,0,0.9
electricity,DE_E_Balance,BE_E_Demand,True,True,False,False,39,2.6957550984694505,,1000,1000,0,0.9
electricity,BE_E_Balance,DE_E_Demand,True,True,False,False,39,2.6957550984694505,,1000,1000,0,0.9
electricity,DE_E_Balance,DE_E_Demand,True,False,True,False,0.0,0.0,,1000,0,0,1.0
electricity,DE_E_ENS,DE_E_Demand,True,False,True,False,1000.0,0.0,,1000,0,0,1.0
electricity,DE_Wind_Onshore,DE_E_Balance,True,False,True,False,2.06,0.0,,1000,0,0,1.0
electricity,DE_Wind_Offshore,DE_E_Balance,True,False,True,False,4.17,0.0,,1000,0,0,1.0
electricity,DE_Solar,DE_E_Balance,True,False,True,False,0.0,0.0,,1000,0,0,1.0
electricity,DE_Hydro,DE_E_Balance,True,False,True,False,0.0,0.0,,1000,0,0,1.0
electricity,DE_Hydro_Reservoir,DE_E_Balance,True,False,True,False,0.0,0.0,,1000,0,0,1.0
electricity,DE_E_Balance,DE_Battery,True,False,True,False,0.0,0.0,,1000,0,0,0.9550000000000001
electricity,DE_Battery,DE_E_Demand,True,False,True,False,0.0,0.0,,1000,0,0,0.9550000000000001
electricity,DE_Battery,DE_PEMEC,True,False,True,False,0.0,0.0,,1000,0,0,0.9550000000000001
electricity,DE_E_Balance,DE_Pump_Hydro_Closed,True,False,True,False,0.0,0.0,,1000,0,0,0.875
electricity,DE_Pump_Hydro_Closed,DE_E_Balance,True,False,True,False,0.0,0.0,,1000,0,0,0.875
electricity,DE_E_Balance,DE_Pump_Hydro_Open,True,False,True,False,0.0,0.0,,1000,0,0,0.875
electricity,DE_Pump_Hydro_Open,DE_E_Balance,True,False,True,False,0.0,0.0,,1000,0,0,0.875
hydrogen,DE_Blue_Hydrogen,DE_H_Demand,True,False,True,False,57.25,0.0,,1000,0,0,1.0
electricity,DE_E_Balance,DE_PEMEC,True,False,True,False,0.0,0.0,,1000,0,0,1.0
hydrogen,DE_PEMEC,DE_H2Tank,True,False,True,False,0.0,0.0,,1000,0,0,0.585
hydrogen,DE_PEMEC,DE_H_Demand,True,False,True,False,0.0,0.0,,1000,0,0,0.585
electricity,DE_PEMFC,DE_E_Demand,True,False,True,False,0.0,0.0,,1000,0,0,0.5
hydrogen,DE_H2Tank,DE_PEMFC,True,False,True,False,0.0,0.0,,1000,0,0,1.0
hydrogen,DE_H2Tank,DE_H_Demand,True,False,True,False,0.0,0.0,,1000,0,0,1.0
electricity,FR_E_Balance,DE_E_Demand,True,True,False,False,70,2.6957550984694505,,1000,1500,0,0.9
electricity,DE_E_Balance,FR_E_Demand,True,True,False,False,70,2.6957550984694505,,1000,1500,0,0.9
electricity,FR_E_Balance,BE_E_Demand,True,True,False,False,47,2.6957550984694505,,1000,1000,0,0.9
electricity,BE_E_Balance,FR_E_Demand,True,True,False,False,47,2.6957550984694505,,1000,1000,0,0.9
electricity,FR_E_Balance,FR_E_Demand,True,False,True,False,0.0,0.0,,1000,0,0,1.0
electricity,FR_E_ENS,FR_E_Demand,True,False,True,False,1000.0,0.0,,1000,0,0,1.0
electricity,FR_Wind_Onshore,FR_E_Balance,True,False,True,False,2.06,0.0,,1000,0,0,1.0
electricity,FR_Wind_Offshore,FR_E_Balance,True,False,True,False,4.17,0.0,,1000,0,0,1.0
electricity,FR_Solar,FR_E_Balance,True,False,True,False,0.0,0.0,,1000,0,0,1.0
electricity,FR_Hydro,FR_E_Balance,True,False,True,False,0.0,0.0,,1000,0,0,1.0
electricity,FR_Hydro_Reservoir,FR_E_Balance,True,False,True,False,0.0,0.0,,1000,0,0,1.0
electricity,FR_Nuclear,FR_E_Balance,True,False,True,False,11.5,0.0,,1000,0,0,1.0
electricity,FR_E_Balance,FR_Battery,True,False,True,False,0.0,0.0,,1000,0,0,0.9550000000000001
electricity,FR_Battery,FR_E_Demand,True,False,True,False,0.0,0.0,,1000,0,0,0.9550000000000001
electricity,FR_Battery,FR_PEMEC,True,False,True,False,0.0,0.0,,1000,0,0,0.9550000000000001
electricity,FR_E_Balance,FR_Pump_Hydro_Closed,True,False,True,False,0.0,0.0,,1000,0,0,0.875
electricity,FR_Pump_Hydro_Closed,FR_E_Balance,True,False,True,False,0.0,0.0,,1000,0,0,0.875
electricity,FR_E_Balance,FR_Pump_Hydro_Open,True,False,True,False,0.0,0.0,,1000,0,0,0.875
electricity,FR_Pump_Hydro_Open,FR_E_Balance,True,False,True,False,0.0,0.0,,1000,0,0,0.875
hydrogen,FR_Blue_Hydrogen,FR_H_Demand,True,False,True,False,57.25,0.0,,1000,0,0,1.0
electricity,FR_E_Balance,FR_PEMEC,True,False,True,False,0.0,0.0,,1000,0,0,1.0
hydrogen,FR_PEMEC,FR_H2Tank,True,False,True,False,0.0,0.0,,1000,0,0,0.585
hydrogen,FR_PEMEC,FR_H_Demand,True,False,True,False,0.0,0.0,,1000,0,0,0.585
electricity,FR_PEMFC,FR_E_Demand,True,False,True,False,0.0,0.0,,1000,0,0,0.5
hydrogen,FR_H2Tank,FR_PEMFC,True,False,True,False,0.0,0.0,,1000,0,0,1.0
hydrogen,FR_H2Tank,FR_H_Demand,True,False,True,False,0.0,0.0,,1000,0,0,1.0
electricity,DK_E_Balance,DE_E_Demand,True,True,False,False,51,2.6957550984694505,,1000,600,0,0.9
electricity,DE_E_Balance,DK_E_Demand,True,True,False,False,51,2.6957550984694505,,1000,600,0,0.9
electricity,DK_E_Balance,NL_E_Demand,True,True,False,False,48,2.6957550984694505,,1000,700,0,0.9
electricity,NL_E_Balance,DK_E_Demand,True,True,False,False,48,2.6957550984694505,,1000,700,0,0.9
electricity,DK_E_Balance,DK_E_Demand,True,False,True,False,0.0,0.0,,1000,0,0,1.0
electricity,DK_E_ENS,DK_E_Demand,True,False,True,False,1000.0,0.0,,1000,0,0,1.0
electricity,DK_Wind_Onshore,DK_E_Balance,True,False,True,False,2.06,0.0,,1000,0,0,1.0
electricity,DK_Wind_Offshore,DK_E_Balance,True,False,True,False,4.17,0.0,,1000,0,0,1.0
electricity,DK_Solar,DK_E_Balance,True,False,True,False,0.0,0.0,,1000,0,0,1.0
electricity,DK_E_Balance,DK_Battery,True,False,True,False,0.0,0.0,,1000,0,0,0.9550000000000001
electricity,DK_Battery,DK_E_Demand,True,False,True,False,0.0,0.0,,1000,0,0,0.9550000000000001
electricity,DK_Battery,DK_PEMEC,True,False,True,False,0.0,0.0,,1000,0,0,0.9550000000000001
hydrogen,DK_Blue_Hydrogen,DK_H_Demand,True,False,True,False,57.25,0.0,,1000,0,0,1.0
electricity,DK_E_Balance,DK_PEMEC,True,False,True,False,0.0,0.0,,1000,0,0,1.0
hydrogen,DK_PEMEC,DK_H2Tank,True,False,True,False,0.0,0.0,,1000,0,0,0.585
hydrogen,DK_PEMEC,DK_H_Demand,True,False,True,False,0.0,0.0,,1000,0,0,0.585
electricity,DK_PEMFC,DK_E_Demand,True,False,True,False,0.0,0.0,,1000,0,0,0.5
hydrogen,DK_H2Tank,DK_PEMFC,True,False,True,False,0.0,0.0,,1000,0,0,1.0
hydrogen,DK_H2Tank,DK_H_Demand,True,False,True,False,0.0,0.0,,1000,0,0,1.0
electricity,UK_E_Balance,BE_E_Demand,True,True,False,False,60,2.6957550984694505,,1000,1000,0,0.9
electricity,BE_E_Balance,UK_E_Demand,True,True,False,False,60,2.6957550984694505,,1000,1000,0,0.9
electricity,UK_E_Balance,DK_E_Demand,True,True,False,False,50,2.6957550984694505,,1000,1400,0,0.9
electricity,DK_E_Balance,UK_E_Demand,True,True,False,False,50,2.6957550984694505,,1000,1400,0,0.9
electricity,UK_E_Balance,FR_E_Demand,True,True,False,False,90,2.6957550984694505,,1000,2000,0,0.9
electricity,FR_E_Balance,UK_E_Demand,True,True,False,False,90,2.6957550984694505,,1000,2000,0,0.9
electricity,UK_E_Balance,NL_E_Demand,True,True,False,False,58,2.6957550984694505,,1000,2000,0,0.9
electricity,NL_E_Balance,UK_E_Demand,True,True,False,False,58,2.6957550984694505,,1000,2000,0,0.9
electricity,UK_E_Balance,UK_E_Demand,True,False,True,False,0.0,0.0,,1000,0,0,1.0
electricity,UK_E_ENS,UK_E_Demand,True,False,True,False,1000.0,0.0,,1000,0,0,1.0
electricity,UK_Wind_Onshore,UK_E_Balance,True,False,True,False,2.06,0.0,,1000,0,0,1.0
electricity,UK_Wind_Offshore,UK_E_Balance,True,False,True,False,4.17,0.0,,1000,0,0,1.0
electricity,UK_Solar,UK_E_Balance,True,False,True,False,0.0,0.0,,1000,0,0,1.0
electricity,UK_Hydro,UK_E_Balance,True,False,True,False,0.0,0.0,,1000,0,0,1.0
electricity,UK_Nuclear,UK_E_Balance,True,False,True,False,11.5,0.0,,1000,0,0,1.0
electricity,UK_E_Balance,UK_Battery,True,False,True,False,0.0,0.0,,1000,0,0,0.9550000000000001
electricity,UK_Battery,UK_E_Demand,True,False,True,False,0.0,0.0,,1000,0,0,0.9550000000000001
electricity,UK_Battery,UK_PEMEC,True,False,True,False,0.0,0.0,,1000,0,0,0.9550000000000001
electricity,UK_E_Balance,UK_Pump_Hydro_Closed,True,False,True,False,0.0,0.0,,1000,0,0,0.875
electricity,UK_Pump_Hydro_Closed,UK_E_Balance,True,False,True,False,0.0,0.0,,1000,0,0,0.875
electricity,UK_E_Balance,UK_PEMEC,True,False,True,False,0.0,0.0,,1000,0,0,1.0
hydrogen,UK_PEMEC,UK_H2Tank,True,False,True,False,0.0,0.0,,1000,0,0,0.585
electricity,UK_PEMFC,UK_E_Demand,True,False,True,False,0.0,0.0,,1000,0,0,0.5
hydrogen,UK_H2Tank,UK_PEMFC,True,False,True,False,0.0,0.0,,1000,0,0,1.0
electricity,IE_E_Balance,UK_E_Demand,True,True,False,False,37,2.6957550984694505,,1000,504,0,0.9
electricity,UK_E_Balance,IE_E_Demand,True,True,False,False,37,2.6957550984694505,,1000,504,0,0.9
electricity,IE_E_Balance,FR_E_Demand,True,True,False,False,98,2.6957550984694505,,1000,700,0,0.9
electricity,FR_E_Balance,IE_E_Demand,True,True,False,False,98,2.6957550984694505,,1000,700,0,0.9
electricity,IE_E_Balance,IE_E_Demand,True,False,True,False,0.0,0.0,,1000,0,0,1.0
electricity,IE_E_ENS,IE_E_Demand,True,False,True,False,1000.0,0.0,,1000,0,0,1.0
electricity,IE_Wind_Onshore,IE_E_Balance,True,False,True,False,2.06,0.0,,1000,0,0,1.0
electricity,IE_Wind_Offshore,IE_E_Balance,True,False,True,False,4.17,0.0,,1000,0,0,1.0
electricity,IE_Solar,IE_E_Balance,True,False,True,False,0.0,0.0,,1000,0,0,1.0
electricity,IE_Hydro,IE_E_Balance,True,False,True,False,0.0,0.0,,1000,0,0,1.0
electricity,IE_E_Balance,IE_Battery,True,False,True,False,0.0,0.0,,1000,0,0,0.9550000000000001
electricity,IE_Battery,IE_E_Demand,True,False,True,False,0.0,0.0,,1000,0,0,0.9550000000000001
electricity,IE_Battery,IE_PEMEC,True,False,True,False,0.0,0.0,,1000,0,0,0.9550000000000001
electricity,IE_E_Balance,IE_Pump_Hydro_Closed,True,False,True,False,0.0,0.0,,1000,0,0,0.875
electricity,IE_Pump_Hydro_Closed,IE_E_Balance,True,False,True,False,0.0,0.0,,1000,0,0,0.875
electricity,IE_E_Balance,IE_PEMEC,True,False,True,False,0.0,0.0,,1000,0,0,1.0
hydrogen,IE_PEMEC,IE_H2Tank,True,False,True,False,0.0,0.0,,1000,0,0,0.585
electricity,IE_PEMFC,IE_E_Demand,True,False,True,False,0.0,0.0,,1000,0,0,0.5
hydrogen,IE_H2Tank,IE_PEMFC,True,False,True,False,0.0,0.0,,1000,0,0,1.0
electricity,CH_E_Balance,DE_E_Demand,True,True,False,False,44,2.6957550984694505,,1000,4200,0,0.9
electricity,DE_E_Balance,CH_E_Demand,True,True,False,False,44,2.6957550984694505,,1000,4200,0,0.9
electricity,CH_E_Balance,FR_E_Demand,True,True,False,False,46,2.6957550984694505,,1000,500,0,0.9
electricity,FR_E_Balance,CH_E_Demand,True,True,False,False,46,2.6957550984694505,,1000,500,0,0.9
electricity,CH_E_Balance,CH_E_Demand,True,False,True,False,0.0,0.0,,1000,0,0,1.0
electricity,CH_E_ENS,CH_E_Demand,True,False,True,False,1000.0,0.0,,1000,0,0,1.0
electricity,CH_Wind_Onshore,CH_E_Balance,True,False,True,False,2.06,0.0,,1000,0,0,1.0
electricity,CH_Solar,CH_E_Balance,True,False,True,False,0.0,0.0,,1000,0,0,1.0
electricity,CH_Hydro,CH_E_Balance,True,False,True,False,0.0,0.0,,1000,0,0,1.0
electricity,CH_Nuclear,CH_E_Balance,True,False,True,False,11.5,0.0,,1000,0,0,1.0
electricity,CH_E_Balance,CH_Battery,True,False,True,False,0.0,0.0,,1000,0,0,0.9550000000000001
electricity,CH_Battery,CH_E_Demand,True,False,True,False,0.0,0.0,,1000,0,0,0.9550000000000001
electricity,CH_Battery,CH_PEMEC,True,False,True,False,0.0,0.0,,1000,0,0,0.9550000000000001
electricity,CH_E_Balance,CH_Pump_Hydro_Closed,True,False,True,False,0.0,0.0,,1000,0,0,0.875
electricity,CH_Pump_Hydro_Closed,CH_E_Balance,True,False,True,False,0.0,0.0,,1000,0,0,0.875
electricity,CH_E_Balance,CH_Pump_Hydro_Open,True,False,True,False,0.0,0.0,,1000,0,0,0.875
electricity,CH_Pump_Hydro_Open,CH_E_Balance,True,False,True,False,0.0,0.0,,1000,0,0,0.875
electricity,CH_E_Balance,CH_PEMEC,True,False,True,False,0.0,0.0,,1000,0,0,1.0
hydrogen,CH_PEMEC,CH_H2Tank,True,False,True,False,0.0,0.0,,1000,0,0,0.585
electricity,CH_PEMFC,CH_E_Demand,True,False,True,False,0.0,0.0,,1000,0,0,0.5
hydrogen,CH_H2Tank,CH_PEMFC,True,False,True,False,0.0,0.0,,1000,0,0,1.0
electricity,AT_E_Balance,CH_E_Demand,True,True,False,False,42,2.6957550984694505,,1000,1200,0,0.9
electricity,CH_E_Balance,AT_E_Demand,True,True,False,False,42,2.6957550984694505,,1000,1200,0,0.9
electricity,AT_E_Balance,DE_E_Demand,True,True,False,False,47,2.6957550984694505,,1000,1500,0,0.9
electricity,DE_E_Balance,AT_E_Demand,True,True,False,False,47,2.6957550984694505,,1000,1500,0,0.9
electricity,AT_E_Balance,AT_E_Demand,True,False,True,False,0.0,0.0,,1000,0,0,1.0
electricity,AT_E_ENS,AT_E_Demand,True,False,True,False,1000.0,0.0,,1000,0,0,1.0
electricity,AT_Wind_Onshore,AT_E_Balance,True,False,True,False,2.06,0.0,,1000,0,0,1.0
electricity,AT_Solar,AT_E_Balance,True,False,True,False,0.0,0.0,,1000,0,0,1.0
electricity,AT_Hydro,AT_E_Balance,True,False,True,False,0.0,0.0,,1000,0,0,1.0
electricity,AT_Hydro_Reservoir,AT_E_Balance,True,False,True,False,0.0,0.0,,1000,0,0,1.0
electricity,AT_E_Balance,AT_Battery,True,False,True,False,0.0,0.0,,1000,0,0,0.9550000000000001
electricity,AT_Battery,AT_E_Demand,True,False,True,False,0.0,0.0,,1000,0,0,0.9550000000000001
electricity,AT_Battery,AT_PEMEC,True,False,True,False,0.0,0.0,,1000,0,0,0.9550000000000001
electricity,AT_E_Balance,AT_Pump_Hydro_Closed,True,False,True,False,0.0,0.0,,1000,0,0,0.875
electricity,AT_Pump_Hydro_Closed,AT_E_Balance,True,False,True,False,0.0,0.0,,1000,0,0,0.875
electricity,AT_E_Balance,AT_Pump_Hydro_Open,True,False,True,False,0.0,0.0,,1000,0,0,0.875
electricity,AT_Pump_Hydro_Open,AT_E_Balance,True,False,True,False,0.0,0.0,,1000,0,0,0.875
hydrogen,AT_Blue_Hydrogen,AT_H_Demand,True,False,True,False,57.25,0.0,,1000,0,0,1.0
electricity,AT_E_Balance,AT_PEMEC,True,False,True,False,0.0,0.0,,1000,0,0,1.0
hydrogen,AT_PEMEC,AT_H2Tank,True,False,True,False,0.0,0.0,,1000,0,0,0.585
hydrogen,AT_PEMEC,AT_H_Demand,True,False,True,False,0.0,0.0,,1000,0,0,0.585
electricity,AT_PEMFC,AT_E_Demand,True,False,True,False,0.0,0.0,,1000,0,0,0.5
hydrogen,AT_H2Tank,AT_PEMFC,True,False,True,False,0.0,0.0,,1000,0,0,1.0
hydrogen,AT_H2Tank,AT_H_Demand,True,False,True,False,0.0,0.0,,1000,0,0,1.0
electricity,LU_E_Balance,BE_E_Demand,True,True,False,False,15,2.6957550984694505,,1000,680,0,0.9
electricity,BE_E_Balance,LU_E_Demand,True,True,False,False,15,2.6957550984694505,,1000,680,0,0.9
electricity,LU_E_Balance,DE_E_Demand,True,True,False,False,30,2.6957550984694505,,1000,2300,0,0.9
electricity,DE_E_Balance,LU_E_Demand,True,True,False,False,30,2.6957550984694505,,1000,2300,0,0.9
electricity,LU_E_Balance,FR_E_Demand,True,True,False,False,39,2.6957550984694505,,1000,380,0,0.9
electricity,FR_E_Balance,LU_E_Demand,True,True,False,False,39,2.6957550984694505,,1000,380,0,0.9
electricity,LU_E_Balance,LU_E_Demand,True,False,True,False,0.0,0.0,,1000,0,0,1.0
electricity,LU_E_ENS,LU_E_Demand,True,False,True,False,1000.0,0.0,,1000,0,0,1.0
electricity,LU_Wind_Onshore,LU_E_Balance,True,False,True,False,2.06,0.0,,1000,0,0,1.0
electricity,LU_Solar,LU_E_Balance,True,False,True,False,0.0,0.0,,1000,0,0,1.0
electricity,LU_Hydro,LU_E_Balance,True,False,True,False,0.0,0.0,,1000,0,0,1.0
electricity,LU_E_Balance,LU_Battery,True,False,True,False,0.0,0.0,,1000,0,0,0.9550000000000001
electricity,LU_Battery,LU_E_Demand,True,False,True,False,0.0,0.0,,1000,0,0,0.9550000000000001
electricity,LU_Battery,LU_PEMEC,True,False,True,False,0.0,0.0,,1000,0,0,0.9550000000000001
electricity,LU_E_Balance,LU_Pump_Hydro_Closed,True,False,True,False,0.0,0.0,,1000,0,0,0.875
electricity,LU_Pump_Hydro_Closed,LU_E_Balance,True,False,True,False,0.0,0.0,,1000,0,0,0.875
hydrogen,LU_Blue_Hydrogen,LU_H_Demand,True,False,True,False,57.25,0.0,,1000,0,0,1.0
electricity,LU_E_Balance,LU_PEMEC,True,False,True,False,0.0,0.0,,1000,0,0,1.0
hydrogen,LU_PEMEC,LU_H2Tank,True,False,True,False,0.0,0.0,,1000,0,0,0.585
hydrogen,LU_PEMEC,LU_H_Demand,True,False,True,False,0.0,0.0,,1000,0,0,0.585
electricity,LU_PEMFC,LU_E_Demand,True,False,True,False,0.0,0.0,,1000,0,0,0.5
hydrogen,LU_H2Tank,LU_PEMFC,True,False,True,False,0.0,0.0,,1000,0,0,1.0
hydrogen,LU_H2Tank,LU_H_Demand,True,False,True,False,0.0,0.0,,1000,0,0,1.0
electricity,CZ_E_Balance,AT_E_Demand,True,True,False,False,27,2.6957550984694505,,1000,900,0,0.9
electricity,AT_E_Balance,CZ_E_Demand,True,True,False,False,27,2.6957550984694505,,1000,900,0,0.9
electricity,CZ_E_Balance,DE_E_Demand,True,True,False,False,37,2.6957550984694505,,1000,2100,0,0.9
electricity,DE_E_Balance,CZ_E_Demand,True,True,False,False,37,2.6957550984694505,,1000,2100,0,0.9
electricity,CZ_E_Balance,CZ_E_Demand,True,False,True,False,0.0,0.0,,1000,0,0,1.0
electricity,CZ_E_ENS,CZ_E_Demand,True,False,True,False,1000.0,0.0,,1000,0,0,1.0
electricity,CZ_Wind_Onshore,CZ_E_Balance,True,False,True,False,2.06,0.0,,1000,0,0,1.0
electricity,CZ_Solar,CZ_E_Balance,True,False,True,False,0.0,0.0,,1000,0,0,1.0
electricity,CZ_Hydro,CZ_E_Balance,True,False,True,False,0.0,0.0,,1000,0,0,1.0
electricity,CZ_Hydro_Reservoir,CZ_E_Balance,True,False,True,False,0.0,0.0,,1000,0,0,1.0
electricity,CZ_Nuclear,CZ_E_Balance,True,False,True,False,11.5,0.0,,1000,0,0,1.0
electricity,CZ_E_Balance,CZ_Battery,True,False,True,False,0.0,0.0,,1000,0,0,0.9550000000000001
electricity,CZ_Battery,CZ_E_Demand,True,False,True,False,0.0,0.0,,1000,0,0,0.9550000000000001
electricity,CZ_Battery,CZ_PEMEC,True,False,True,False,0.0,0.0,,1000,0,0,0.9550000000000001
electricity,CZ_E_Balance,CZ_Pump_Hydro_Closed,True,False,True,False,0.0,0.0,,1000,0,0,0.875
electricity,CZ_Pump_Hydro_Closed,CZ_E_Balance,True,False,True,False,0.0,0.0,,1000,0,0,0.875
electricity,CZ_E_Balance,CZ_Pump_Hydro_Open,True,False,True,False,0.0,0.0,,1000,0,0,0.875
electricity,CZ_Pump_Hydro_Open,CZ_E_Balance,True,False,True,False,0.0,0.0,,1000,0,0,0.875
hydrogen,CZ_Blue_Hydrogen,CZ_H_Demand,True,False,True,False,57.25,0.0,,1000,0,0,1.0
electricity,CZ_E_Balance,CZ_PEMEC,True,False,True,False,0.0,0.0,,1000,0,0,1.0
hydrogen,CZ_PEMEC,CZ_H2Tank,True,False,True,False,0.0,0.0,,1000,0,0,0.585
hydrogen,CZ_PEMEC,CZ_H_Demand,True,False,True,False,0.0,0.0,,1000,0,0,0.585
electricity,CZ_PEMFC,CZ_E_Demand,True,False,True,False,0.0,0.0,,1000,0,0,0.5
hydrogen,CZ_H2Tank,CZ_PEMFC,True,False,True,False,0.0,0.0,,1000,0,0,1.0
hydrogen,CZ_H2Tank,CZ_H_Demand,True,False,True,False,0.0,0.0,,1000,0,0,1.0
electricity,PL_E_Balance,DK_E_Demand,True,True,False,False,67,2.6957550984694505,,1000,600,0,0.9
electricity,DK_E_Balance,PL_E_Demand,True,True,False,False,67,2.6957550984694505,,1000,600,0,0.9
electricity,PL_E_Balance,CZ_E_Demand,True,True,False,False,39,2.6957550984694505,,1000,800,0,0.9
electricity,CZ_E_Balance,PL_E_Demand,True,True,False,False,39,2.6957550984694505,,1000,800,0,0.9
electricity,PL_E_Balance,DE_E_Demand,True,True,False,False,63,2.6957550984694505,,1000,3000,0,0.9
electricity,DE_E_Balance,PL_E_Demand,True,True,False,False,63,2.6957550984694505,,1000,3000,0,0.9
electricity,PL_E_Balance,PL_E_Demand,True,False,True,False,0.0,0.0,,1000,0,0,1.0
electricity,PL_E_ENS,PL_E_Demand,True,False,True,False,1000.0,0.0,,1000,0,0,1.0
electricity,PL_Wind_Onshore,PL_E_Balance,True,False,True,False,2.06,0.0,,1000,0,0,1.0
electricity,PL_Wind_Offshore,PL_E_Balance,True,False,True,False,4.17,0.0,,1000,0,0,1.0
electricity,PL_Solar,PL_E_Balance,True,False,True,False,0.0,0.0,,1000,0,0,1.0
electricity,PL_Hydro,PL_E_Balance,True,False,True,False,0.0,0.0,,1000,0,0,1.0
electricity,PL_Hydro_Reservoir,PL_E_Balance,True,False,True,False,0.0,0.0,,1000,0,0,1.0
electricity,PL_E_Balance,PL_Battery,True,False,True,False,0.0,0.0,,1000,0,0,0.9550000000000001
electricity,PL_Battery,PL_E_Demand,True,False,True,False,0.0,0.0,,1000,0,0,0.9550000000000001
electricity,PL_Battery,PL_PEMEC,True,False,True,False,0.0,0.0,,1000,0,0,0.9550000000000001
electricity,PL_E_Balance,PL_Pump_Hydro_Closed,True,False,True,False,0.0,0.0,,1000,0,0,0.875
electricity,PL_Pump_Hydro_Closed,PL_E_Balance,True,False,True,False,0.0,0.0,,1000,0,0,0.875
electricity,PL_E_Balance,PL_Pump_Hydro_Open,True,False,True,False,0.0,0.0,,1000,0,0,0.875
electricity,PL_Pump_Hydro_Open,PL_E_Balance,True,False,True,False,0.0,0.0,,1000,0,0,0.875
electricity,PL_E_Balance,PL_PEMEC,True,False,True,False,0.0,0.0,,1000,0,0,1.0
hydrogen,PL_PEMEC,PL_H2Tank,True,False,True,False,0.0,0.0,,1000,0,0,0.585
electricity,PL_PEMFC,PL_E_Demand,True,False,True,False,0.0,0.0,,1000,0,0,0.5
hydrogen,PL_H2Tank,PL_PEMFC,True,False,True,False,0.0,0.0,,1000,0,0,1.0
electricity,SE_E_Balance,DK_E_Demand,True,True,False,False,93,2.6957550984694505,,1000,2415,0,0.9
electricity,DK_E_Balance,SE_E_Demand,True,True,False,False,93,2.6957550984694505,,1000,2415,0,0.9
electricity,SE_E_Balance,PL_E_Demand,True,True,False,False,126,2.6957550984694505,,1000,600,0,0.9
electricity,PL_E_Balance,SE_E_Demand,True,True,False,False,126,2.6957550984694505,,1000,600,0,0.9
electricity,SE_E_Balance,DE_E_Demand,True,True,False,False,142,2.6957550984694505,,1000,700,0,0.9
electricity,DE_E_Balance,SE_E_Demand,True,True,False,False,142,2.6957550984694505,,1000,700,0,0.9
electricity,SE_E_Balance,SE_E_Demand,True,False,True,False,0.0,0.0,,1000,0,0,1.0
electricity,SE_E_ENS,SE_E_Demand,True,False,True,False,1000.0,0.0,,1000,0,0,1.0
electricity,SE_Wind_Onshore,SE_E_Balance,True,False,True,False,2.06,0.0,,1000,0,0,1.0
electricity,SE_Wind_Offshore,SE_E_Balance,True,False,True,False,4.17,0.0,,1000,0,0,1.0
electricity,SE_Solar,SE_E_Balance,True,False,True,False,0.0,0.0,,1000,0,0,1.0
electricity,SE_Hydro_Reservoir,SE_E_Balance,True,False,True,False,0.0,0.0,,1000,0,0,1.0
electricity,SE_Nuclear,SE_E_Balance,True,False,True,False,11.5,0.0,,1000,0,0,1.0
electricity,SE_E_Balance,SE_Battery,True,False,True,False,0.0,0.0,,1000,0,0,0.9550000000000001
electricity,SE_Battery,SE_E_Demand,True,False,True,False,0.0,0.0,,1000,0,0,0.9550000000000001
electricity,SE_Battery,SE_PEMEC,True,False,True,False,0.0,0.0,,1000,0,0,0.9550000000000001
hydrogen,SE_Blue_Hydrogen,SE_H_Demand,True,False,True,False,57.25,0.0,,1000,0,0,1.0
electricity,SE_E_Balance,SE_PEMEC,True,False,True,False,0.0,0.0,,1000,0,0,1.0
hydrogen,SE_PEMEC,SE_H2Tank,True,False,True,False,0.0,0.0,,1000,0,0,0.585
hydrogen,SE_PEMEC,SE_H_Demand,True,False,True,False,0.0,0.0,,1000,0,0,0.585
electricity,SE_PEMFC,SE_E_Demand,True,False,True,False,0.0,0.0,,1000,0,0,0.5
hydrogen,SE_H2Tank,SE_PEMFC,True,False,True,False,0.0,0.0,,1000,0,0,1.0
hydrogen,SE_H2Tank,SE_H_Demand,True,False,True,False,0.0,0.0,,1000,0,0,1.0
electricity,NO_E_Balance,DK_E_Demand,True,True,False,False,69,2.6957550984694505,,1000,1640,0,0.9
electricity,DK_E_Balance,NO_E_Demand,True,True,False,False,69,2.6957550984694505,,1000,1640,0,0.9
electricity,NO_E_Balance,NL_E_Demand,True,True,False,False,107,2.6957550984694505,,1000,700,0,0.9
electricity,NL_E_Balance,NO_E_Demand,True,True,False,False,107,2.6957550984694505,,1000,700,0,0.9
electricity,NO_E_Balance,DE_E_Demand,True,True,False,False,117,2.6957550984694505,,1000,1400,0,0.9
electricity,DE_E_Balance,NO_E_Demand,True,True,False,False,117,2.6957550984694505,,1000,1400,0,0.9
electricity,NO_E_Balance,SE_E_Demand,True,True,False,False,34,2.6957550984694505,,1000,3995,0,0.9
electricity,SE_E_Balance,NO_E_Demand,True,True,False,False,34,2.6957550984694505,,1000,3995,0,0.9
electricity,NO_E_Balance,UK_E_Demand,True,True,False,False,109,2.6957550984694505,,1000,1400,0,0.9
electricity,UK_E_Balance,NO_E_Demand,True,True,False,False,109,2.6957550984694505,,1000,1400,0,0.9
electricity,NO_E_Balance,NO_E_Demand,True,False,True,False,0.0,0.0,,1000,0,0,1.0
electricity,NO_E_ENS,NO_E_Demand,True,False,True,False,1000.0,0.0,,1000,0,0,1.0
electricity,NO_Wind_Onshore,NO_E_Balance,True,False,True,False,2.06,0.0,,1000,0,0,1.0
electricity,NO_Wind_Offshore,NO_E_Balance,True,False,True,False,4.17,0.0,,1000,0,0,1.0
electricity,NO_Solar,NO_E_Balance,True,False,True,False,0.0,0.0,,1000,0,0,1.0
electricity,NO_E_Balance,NO_Battery,True,False,True,False,0.0,0.0,,1000,0,0,0.9550000000000001
electricity,NO_Battery,NO_E_Demand,True,False,True,False,0.0,0.0,,1000,0,0,0.9550000000000001
electricity,NO_Battery,NO_PEMEC,True,False,True,False,0.0,0.0,,1000,0,0,0.9550000000000001
electricity,NO_E_Balance,NO_Pump_Hydro_Open,True,False,True,False,0.0,0.0,,1000,0,0,0.875
electricity,NO_Pump_Hydro_Open,NO_E_Balance,True,False,True,False,0.0,0.0,,1000,0,0,0.875
electricity,NO_E_Balance,NO_PEMEC,True,False,True,False,0.0,0.0,,1000,0,0,1.0
hydrogen,NO_PEMEC,NO_H2Tank,True,False,True,False,0.0,0.0,,1000,0,0,0.585
electricity,NO_PEMFC,NO_E_Demand,True,False,True,False,0.0,0.0,,1000,0,0,0.5
hydrogen,NO_H2Tank,NO_PEMFC,True,False,True,False,0.0,0.0,,1000,0,0,1.0
electricity,ES_E_Balance,FR_E_Demand,True,True,False,False,93,2.6957550984694505,,1000,1500,0,0.9
electricity,FR_E_Balance,ES_E_Demand,True,True,False,False,93,2.6957550984694505,,1000,1500,0,0.9
electricity,ES_E_Balance,ES_E_Demand,True,False,True,False,0.0,0.0,,1000,0,0,1.0
electricity,ES_E_ENS,ES_E_Demand,True,False,True,False,1000.0,0.0,,1000,0,0,1.0
electricity,ES_Wind_Onshore,ES_E_Balance,True,False,True,False,2.06,0.0,,1000,0,0,1.0
electricity,ES_Wind_Offshore,ES_E_Balance,True,False,True,False,4.17,0.0,,1000,0,0,1.0
electricity,ES_Solar,ES_E_Balance,True,False,True,False,0.0,0.0,,1000,0,0,1.0
electricity,ES_Hydro,ES_E_Balance,True,False,True,False,0.0,0.0,,1000,0,0,1.0
electricity,ES_Hydro_Reservoir,ES_E_Balance,True,False,True,False,0.0,0.0,,1000,0,0,1.0
electricity,ES_Nuclear,ES_E_Balance,True,False,True,False,11.5,0.0,,1000,0,0,1.0
electricity,ES_E_Balance,ES_Battery,True,False,True,False,0.0,0.0,,1000,0,0,0.9550000000000001
electricity,ES_Battery,ES_E_Demand,True,False,True,False,0.0,0.0,,1000,0,0,0.9550000000000001
electricity,ES_Battery,ES_PEMEC,True,False,True,False,0.0,0.0,,1000,0,0,0.9550000000000001
electricity,ES_E_Balance,ES_Pump_Hydro_Closed,True,False,True,False,0.0,0.0,,1000,0,0,0.875
electricity,ES_Pump_Hydro_Closed,ES_E_Balance,True,False,True,False,0.0,0.0,,1000,0,0,0.875
electricity,ES_E_Balance,ES_Pump_Hydro_Open,True,False,True,False,0.0,0.0,,1000,0,0,0.875
electricity,ES_Pump_Hydro_Open,ES_E_Balance,True,False,True,False,0.0,0.0,,1000,0,0,0.875
hydrogen,ES_Blue_Hydrogen,ES_H_Demand,True,False,True,False,57.25,0.0,,1000,0,0,1.0
electricity,ES_E_Balance,ES_PEMEC,True,False,True,False,0.0,0.0,,1000,0,0,1.0
hydrogen,ES_PEMEC,ES_H2Tank,True,False,True,False,0.0,0.0,,1000,0,0,0.585
hydrogen,ES_PEMEC,ES_H_Demand,True,False,True,False,0.0,0.0,,1000,0,0,0.585
electricity,ES_PEMFC,ES_E_Demand,True,False,True,False,0.0,0.0,,1000,0,0,0.5
hydrogen,ES_H2Tank,ES_PEMFC,True,False,True,False,0.0,0.0,,1000,0,0,1.0
hydrogen,ES_H2Tank,ES_H_Demand,True,False,True,False,0.0,0.0,,1000,0,0,1.0
electricity,PT_E_Balance,ES_E_Demand,True,True,False,False,36,2.6957550984694505,,1000,4200,0,0.9
electricity,ES_E_Balance,PT_E_Demand,True,True,False,False,36,2.6957550984694505,,1000,4200,0,0.9
electricity,PT_E_Balance,PT_E_Demand,True,False,True,False,0.0,0.0,,1000,0,0,1.0
electricity,PT_E_ENS,PT_E_Demand,True,False,True,False,1000.0,0.0,,1000,0,0,1.0
electricity,PT_Wind_Onshore,PT_E_Balance,True,False,True,False,2.06,0.0,,1000,0,0,1.0
electricity,PT_Wind_Offshore,PT_E_Balance,True,False,True,False,4.17,0.0,,1000,0,0,1.0
electricity,PT_Solar,PT_E_Balance,True,False,True,False,0.0,0.0,,1000,0,0,1.0
electricity,PT_Hydro,PT_E_Balance,True,False,True,False,0.0,0.0,,1000,0,0,1.0
electricity,PT_Hydro_Reservoir,PT_E_Balance,True,False,True,False,0.0,0.0,,1000,0,0,1.0
electricity,PT_E_Balance,PT_Battery,True,False,True,False,0.0,0.0,,1000,0,0,0.9550000000000001
electricity,PT_Battery,PT_E_Demand,True,False,True,False,0.0,0.0,,1000,0,0,0.9550000000000001
electricity,PT_Battery,PT_PEMEC,True,False,True,False,0.0,0.0,,1000,0,0,0.9550000000000001
electricity,PT_E_Balance,PT_Pump_Hydro_Open,True,False,True,False,0.0,0.0,,1000,0,0,0.875
electricity,PT_Pump_Hydro_Open,PT_E_Balance,True,False,True,False,0.0,0.0,,1000,0,0,0.875
electricity,PT_E_Balance,PT_PEMEC,True,False,True,False,0.0,0.0,,1000,0,0,1.0
hydrogen,PT_PEMEC,PT_H2Tank,True,False,True,False,0.0,0.0,,1000,0,0,0.585
electricity,PT_PEMFC,PT_E_Demand,True,False,True,False,0.0,0.0,,1000,0,0,0.5
hydrogen,PT_H2Tank,PT_PEMFC,True,False,True,False,0.0,0.0,,1000,0,0,1.0
electricity,IT_E_Balance,FR_E_Demand,True,True,False,False,89,2.6957550984694505,,1000,4100,0,0.9
electricity,FR_E_Balance,IT_E_Demand,True,True,False,False,89,2.6957550984694505,,1000,4100,0,0.9
electricity,IT_E_Balance,CH_E_Demand,True,True,False,False,53,2.6957550984694505,,1000,3750,0,0.9
electricity,CH_E_Balance,IT_E_Demand,True,True,False,False,53,2.6957550984694505,,1000,3750,0,0.9
electricity,IT_E_Balance,AT_E_Demand,True,True,False,False,49,2.6957550984694505,,1000,500,0,0.9
electricity,AT_E_Balance,IT_E_Demand,True,True,False,False,49,2.6957550984694505,,1000,500,0,0.9
electricity,IT_E_Balance,IT_E_Demand,True,False,True,False,0.0,0.0,,1000,0,0,1.0
electricity,IT_E_ENS,IT_E_Demand,True,False,True,False,1000.0,0.0,,1000,0,0,1.0
electricity,IT_Wind_Onshore,IT_E_Balance,True,False,True,False,2.06,0.0,,1000,0,0,1.0
electricity,IT_Wind_Offshore,IT_E_Balance,True,False,True,False,4.17,0.0,,1000,0,0,1.0
electricity,IT_Solar,IT_E_Balance,True,False,True,False,0.0,0.0,,1000,0,0,1.0
electricity,IT_Hydro,IT_E_Balance,True,False,True,False,0.0,0.0,,1000,0,0,1.0
electricity,IT_Hydro_Reservoir,IT_E_Balance,True,False,True,False,0.0,0.0,,1000,0,0,1.0
electricity,IT_E_Balance,IT_Battery,True,False,True,False,0.0,0.0,,1000,0,0,0.9550000000000001
electricity,IT_Battery,IT_E_Demand,True,False,True,False,0.0,0.0,,1000,0,0,0.9550000000000001
electricity,IT_Battery,IT_PEMEC,True,False,True,False,0.0,0.0,,1000,0,0,0.9550000000000001
electricity,IT_E_Balance,IT_Pump_Hydro_Closed,True,False,True,False,0.0,0.0,,1000,0,0,0.875
electricity,IT_Pump_Hydro_Closed,IT_E_Balance,True,False,True,False,0.0,0.0,,1000,0,0,0.875
electricity,IT_E_Balance,IT_Pump_Hydro_Open,True,False,True,False,0.0,0.0,,1000,0,0,0.875
electricity,IT_Pump_Hydro_Open,IT_E_Balance,True,False,True,False,0.0,0.0,,1000,0,0,0.875
hydrogen,IT_Blue_Hydrogen,IT_H_Demand,True,False,True,False,57.25,0.0,,1000,0,0,1.0
electricity,IT_E_Balance,IT_PEMEC,True,False,True,False,0.0,0.0,,1000,0,0,1.0
hydrogen,IT_PEMEC,IT_H2Tank,True,False,True,False,0.0,0.0,,1000,0,0,0.585
hydrogen,IT_PEMEC,IT_H_Demand,True,False,True,False,0.0,0.0,,1000,0,0,0.585
electricity,IT_PEMFC,IT_E_Demand,True,False,True,False,0.0,0.0,,1000,0,0,0.5
hydrogen,IT_H2Tank,IT_PEMFC,True,False,True,False,0.0,0.0,,1000,0,0,1.0
hydrogen,IT_H2Tank,IT_H_Demand,True,False,True,False,0.0,0.0,,1000,0,0,1.0
electricity,MT_E_Balance,IT_E_Demand,True,True,False,False,81,2.6957550984694505,,1000,200,0,0.9
electricity,IT_E_Balance,MT_E_Demand,True,True,False,False,81,2.6957550984694505,,1000,200,0,0.9
electricity,MT_E_Balance,MT_E_Demand,True,False,True,False,0.0,0.0,,1000,0,0,1.0
electricity,MT_E_ENS,MT_E_Demand,True,False,True,False,1000.0,0.0,,1000,0,0,1.0
electricity,MT_Solar,MT_E_Balance,True,False,True,False,0.0,0.0,,1000,0,0,1.0
electricity,MT_E_Balance,MT_Battery,True,False,True,False,0.0,0.0,,1000,0,0,0.9550000000000001
electricity,MT_Battery,MT_E_Demand,True,False,True,False,0.0,0.0,,1000,0,0,0.9550000000000001
electricity,MT_Battery,MT_PEMEC,True,False,True,False,0.0,0.0,,1000,0,0,0.9550000000000001
electricity,MT_E_Balance,MT_PEMEC,True,False,True,False,0.0,0.0,,1000,0,0,1.0
hydrogen,MT_PEMEC,MT_H2Tank,True,False,True,False,0.0,0.0,,1000,0,0,0.585
electricity,MT_PEMFC,MT_E_Demand,True,False,True,False,0.0,0.0,,1000,0,0,0.5
hydrogen,MT_H2Tank,MT_PEMFC,True,False,True,False,0.0,0.0,,1000,0,0,1.0
electricity,SI_E_Balance,AT_E_Demand,True,True,False,False,41,2.6957550984694505,,1000,950,0,0.9
electricity,AT_E_Balance,SI_E_Demand,True,True,False,False,41,2.6957550984694505,,1000,950,0,0.9
electricity,SI_E_Balance,IT_E_Demand,True,True,False,False,52,2.6957550984694505,,1000,125,0,0.9
electricity,IT_E_Balance,SI_E_Demand,True,True,False,False,52,2.6957550984694505,,1000,125,0,0.9
electricity,SI_E_Balance,SI_E_Demand,True,False,True,False,0.0,0.0,,1000,0,0,1.0
electricity,SI_E_ENS,SI_E_Demand,True,False,True,False,1000.0,0.0,,1000,0,0,1.0
electricity,SI_Wind_Onshore,SI_E_Balance,True,False,True,False,2.06,0.0,,1000,0,0,1.0
electricity,SI_Solar,SI_E_Balance,True,False,True,False,0.0,0.0,,1000,0,0,1.0
electricity,SI_Hydro,SI_E_Balance,True,False,True,False,0.0,0.0,,1000,0,0,1.0
electricity,SI_Nuclear,SI_E_Balance,True,False,True,False,11.5,0.0,,1000,0,0,1.0
electricity,SI_E_Balance,SI_Battery,True,False,True,False,0.0,0.0,,1000,0,0,0.9550000000000001
electricity,SI_Battery,SI_E_Demand,True,False,True,False,0.0,0.0,,1000,0,0,0.9550000000000001
electricity,SI_Battery,SI_PEMEC,True,False,True,False,0.0,0.0,,1000,0,0,0.9550000000000001
electricity,SI_E_Balance,SI_Pump_Hydro_Closed,True,False,True,False,0.0,0.0,,1000,0,0,0.875
electricity,SI_Pump_Hydro_Closed,SI_E_Balance,True,False,True,False,0.0,0.0,,1000,0,0,0.875
electricity,SI_E_Balance,SI_PEMEC,True,False,True,False,0.0,0.0,,1000,0,0,1.0
hydrogen,SI_PEMEC,SI_H2Tank,True,False,True,False,0.0,0.0,,1000,0,0,0.585
electricity,SI_PEMFC,SI_E_Demand,True,False,True,False,0.0,0.0,,1000,0,0,0.5
hydrogen,SI_H2Tank,SI_PEMFC,True,False,True,False,0.0,0.0,,1000,0,0,1.0
electricity,HU_E_Balance,AT_E_Demand,True,True,False,False,38,2.6957550984694505,,1000,800,0,0.9
electricity,AT_E_Balance,HU_E_Demand,True,True,False,False,38,2.6957550984694505,,1000,800,0,0.9
electricity,HU_E_Balance,SI_E_Demand,True,True,False,False,37,2.6957550984694505,,1000,1200,0,0.9
electricity,SI_E_Balance,HU_E_Demand,True,True,False,False,37,2.6957550984694505,,1000,1200,0,0.9
electricity,HU_E_Balance,HU_E_Demand,True,False,True,False,0.0,0.0,,1000,0,0,1.0
electricity,HU_E_ENS,HU_E_Demand,True,False,True,False,1000.0,0.0,,1000,0,0,1.0
electricity,HU_Wind_Onshore,HU_E_Balance,True,False,True,False,2.06,0.0,,1000,0,0,1.0
electricity,HU_Solar,HU_E_Balance,True,False,True,False,0.0,0.0,,1000,0,0,1.0
electricity,HU_Hydro,HU_E_Balance,True,False,True,False,0.0,0.0,,1000,0,0,1.0
electricity,HU_Nuclear,HU_E_Balance,True,False,True,False,11.5,0.0,,1000,0,0,1.0
electricity,HU_E_Balance,HU_Battery,True,False,True,False,0.0,0.0,,1000,0,0,0.9550000000000001
electricity,HU_Battery,HU_E_Demand,True,False,True,False,0.0,0.0,,1000,0,0,0.9550000000000001
electricity,HU_Battery,HU_PEMEC,True,False,True,False,0.0,0.0,,1000,0,0,0.9550000000000001
hydrogen,HU_Blue_Hydrogen,HU_H_Demand,True,False,True,False,57.25,0.0,,1000,0,0,1.0
electricity,HU_E_Balance,HU_PEMEC,True,False,True,False,0.0,0.0,,1000,0,0,1.0
hydrogen,HU_PEMEC,HU_H2Tank,True,False,True,False,0.0,0.0,,1000,0,0,0.585
hydrogen,HU_PEMEC,HU_H_Demand,True,False,True,False,0.0,0.0,,1000,0,0,0.585
electricity,HU_PEMFC,HU_E_Demand,True,False,True,False,0.0,0.0,,1000,0,0,0.5
hydrogen,HU_H2Tank,HU_PEMFC,True,False,True,False,0.0,0.0,,1000,0,0,1.0
hydrogen,HU_H2Tank,HU_H_Demand,True,False,True,False,0.0,0.0,,1000,0,0,1.0
electricity,SK_E_Balance,CZ_E_Demand,True,True,False,False,30,2.6957550984694505,,1000,1800,0,0.9
electricity,CZ_E_Balance,SK_E_Demand,True,True,False,False,30,2.6957550984694505,,1000,1800,0,0.9
electricity,SK_E_Balance,HU_E_Demand,True,True,False,False,19,2.6957550984694505,,1000,2600,0,0.9
electricity,HU_E_Balance,SK_E_Demand,True,True,False,False,19,2.6957550984694505,,1000,2600,0,0.9
electricity,SK_E_Balance,PL_E_Demand,True,True,False,False,40,2.6957550984694505,,1000,990,0,0.9
electricity,PL_E_Balance,SK_E_Demand,True,True,False,False,40,2.6957550984694505,,1000,990,0,0.9
electricity,SK_E_Balance,SK_E_Demand,True,False,True,False,0.0,0.0,,1000,0,0,1.0
electricity,SK_E_ENS,SK_E_Demand,True,False,True,False,1000.0,0.0,,1000,0,0,1.0
electricity,SK_Wind_Onshore,SK_E_Balance,True,False,True,False,2.06,0.0,,1000,0,0,1.0
electricity,SK_Solar,SK_E_Balance,True,False,True,False,0.0,0.0,,1000,0,0,1.0
electricity,SK_Hydro,SK_E_Balance,True,False,True,False,0.0,0.0,,1000,0,0,1.0
electricity,SK_Hydro_Reservoir,SK_E_Balance,True,False,True,False,0.0,0.0,,1000,0,0,1.0
electricity,SK_Nuclear,SK_E_Balance,True,False,True,False,11.5,0.0,,1000,0,0,1.0
electricity,SK_E_Balance,SK_Battery,True,False,True,False,0.0,0.0,,1000,0,0,0.9550000000000001
electricity,SK_Battery,SK_E_Demand,True,False,True,False,0.0,0.0,,1000,0,0,0.9550000000000001
electricity,SK_Battery,SK_PEMEC,True,False,True,False,0.0,0.0,,1000,0,0,0.9550000000000001
electricity,SK_E_Balance,SK_Pump_Hydro_Closed,True,False,True,False,0.0,0.0,,1000,0,0,0.875
electricity,SK_Pump_Hydro_Closed,SK_E_Balance,True,False,True,False,0.0,0.0,,1000,0,0,0.875
electricity,SK_E_Balance,SK_Pump_Hydro_Open,True,False,True,False,0.0,0.0,,1000,0,0,0.875
electricity,SK_Pump_Hydro_Open,SK_E_Balance,True,False,True,False,0.0,0.0,,1000,0,0,0.875
electricity,SK_E_Balance,SK_PEMEC,True,False,True,False,0.0,0.0,,1000,0,0,1.0
hydrogen,SK_PEMEC,SK_H2Tank,True,False,True,False,0.0,0.0,,1000,0,0,0.585
electricity,SK_PEMFC,SK_E_Demand,True,False,True,False,0.0,0.0,,1000,0,0,0.5
hydrogen,SK_H2Tank,SK_PEMFC,True,False,True,False,0.0,0.0,,1000,0,0,1.0
electricity,LT_E_Balance,SE_E_Demand,True,True,False,False,93,2.6957550984694505,,1000,700,0,0.9
electricity,SE_E_Balance,LT_E_Demand,True,True,False,False,93,2.6957550984694505,,1000,700,0,0.9
electricity,LT_E_Balance,PL_E_Demand,True,True,False,False,45,2.6957550984694505,,1000,700,0,0.9
electricity,PL_E_Balance,LT_E_Demand,True,True,False,False,45,2.6957550984694505,,1000,700,0,0.9
electricity,LT_E_Balance,LT_E_Demand,True,False,True,False,0.0,0.0,,1000,0,0,1.0
electricity,LT_E_ENS,LT_E_Demand,True,False,True,False,1000.0,0.0,,1000,0,0,1.0
electricity,LT_Wind_Onshore,LT_E_Balance,True,False,True,False,2.06,0.0,,1000,0,0,1.0
electricity,LT_Wind_Offshore,LT_E_Balance,True,False,True,False,4.17,0.0,,1000,0,0,1.0
electricity,LT_Solar,LT_E_Balance,True,False,True,False,0.0,0.0,,1000,0,0,1.0
electricity,LT_Hydro,LT_E_Balance,True,False,True,False,0.0,0.0,,1000,0,0,1.0
electricity,LT_E_Balance,LT_Battery,True,False,True,False,0.0,0.0,,1000,0,0,0.9550000000000001
electricity,LT_Battery,LT_E_Demand,True,False,True,False,0.0,0.0,,1000,0,0,0.9550000000000001
electricity,LT_Battery,LT_PEMEC,True,False,True,False,0.0,0.0,,1000,0,0,0.9550000000000001
electricity,LT_E_Balance,LT_Pump_Hydro_Closed,True,False,True,False,0.0,0.0,,1000,0,0,0.875
electricity,LT_Pump_Hydro_Closed,LT_E_Balance,True,False,True,False,0.0,0.0,,1000,0,0,0.875
electricity,LT_E_Balance,LT_PEMEC,True,False,True,False,0.0,0.0,,1000,0,0,1.0
hydrogen,LT_PEMEC,LT_H2Tank,True,False,True,False,0.0,0.0,,1000,0,0,0.585
electricity,LT_PEMFC,LT_E_Demand,True,False,True,False,0.0,0.0,,1000,0,0,0.5
hydrogen,LT_H2Tank,LT_PEMFC,True,False,True,False,0.0,0.0,,1000,0,0,1.0
electricity,LV_E_Balance,LT_E_Demand,True,True,False,False,19,2.6957550984694505,,1000,950,0,0.9
electricity,LT_E_Balance,LV_E_Demand,True,True,False,False,19,2.6957550984694505,,1000,950,0,0.9
electricity,LV_E_Balance,LV_E_Demand,True,False,True,False,0.0,0.0,,1000,0,0,1.0
electricity,LV_E_ENS,LV_E_Demand,True,False,True,False,1000.0,0.0,,1000,0,0,1.0
electricity,LV_Wind_Onshore,LV_E_Balance,True,False,True,False,2.06,0.0,,1000,0,0,1.0
electricity,LV_Wind_Offshore,LV_E_Balance,True,False,True,False,4.17,0.0,,1000,0,0,1.0
electricity,LV_Solar,LV_E_Balance,True,False,True,False,0.0,0.0,,1000,0,0,1.0
electricity,LV_Hydro,LV_E_Balance,True,False,True,False,0.0,0.0,,1000,0,0,1.0
electricity,LV_E_Balance,LV_Battery,True,False,True,False,0.0,0.0,,1000,0,0,0.9550000000000001
electricity,LV_Battery,LV_E_Demand,True,False,True,False,0.0,0.0,,1000,0,0,0.9550000000000001
electricity,LV_Battery,LV_PEMEC,True,False,True,False,0.0,0.0,,1000,0,0,0.9550000000000001
electricity,LV_E_Balance,LV_PEMEC,True,False,True,False,0.0,0.0,,1000,0,0,1.0
hydrogen,LV_PEMEC,LV_H2Tank,True,False,True,False,0.0,0.0,,1000,0,0,0.585
electricity,LV_PEMFC,LV_E_Demand,True,False,True,False,0.0,0.0,,1000,0,0,0.5
hydrogen,LV_H2Tank,LV_PEMFC,True,False,True,False,0.0,0.0,,1000,0,0,1.0
electricity,EE_E_Balance,LV_E_Demand,True,True,False,False,20,2.6957550984694505,,1000,1100,0,0.9
electricity,LV_E_Balance,EE_E_Demand,True,True,False,False,20,2.6957550984694505,,1000,1100,0,0.9
electricity,EE_E_Balance,EE_E_Demand,True,False,True,False,0.0,0.0,,1000,0,0,1.0
electricity,EE_E_ENS,EE_E_Demand,True,False,True,False,1000.0,0.0,,1000,0,0,1.0
electricity,EE_Wind_Onshore,EE_E_Balance,True,False,True,False,2.06,0.0,,1000,0,0,1.0
electricity,EE_Wind_Offshore,EE_E_Balance,True,False,True,False,4.17,0.0,,1000,0,0,1.0
electricity,EE_Solar,EE_E_Balance,True,False,True,False,0.0,0.0,,1000,0,0,1.0
electricity,EE_E_Balance,EE_Battery,True,False,True,False,0.0,0.0,,1000,0,0,0.9550000000000001
electricity,EE_Battery,EE_E_Demand,True,False,True,False,0.0,0.0,,1000,0,0,0.9550000000000001
electricity,EE_Battery,EE_PEMEC,True,False,True,False,0.0,0.0,,1000,0,0,0.9550000000000001
electricity,EE_E_Balance,EE_PEMEC,True,False,True,False,0.0,0.0,,1000,0,0,1.0
hydrogen,EE_PEMEC,EE_H2Tank,True,False,True,False,0.0,0.0,,1000,0,0,0.585
electricity,EE_PEMFC,EE_E_Demand,True,False,True,False,0.0,0.0,,1000,0,0,0.5
hydrogen,EE_H2Tank,EE_PEMFC,True,False,True,False,0.0,0.0,,1000,0,0,1.0
electricity,FI_E_Balance,EE_E_Demand,True,True,False,False,57,2.6957550984694505,,1000,1016,0,0.9
electricity,EE_E_Balance,FI_E_Demand,True,True,False,False,57,2.6957550984694505,,1000,1016,0,0.9
electricity,FI_E_Balance,SE_E_Demand,True,True,False,False,53,2.6957550984694505,,1000,2100,0,0.9
electricity,SE_E_Balance,FI_E_Demand,True,True,False,False,53,2.6957550984694505,,1000,2100,0,0.9
electricity,FI_E_Balance,FI_E_Demand,True,False,True,False,0.0,0.0,,1000,0,0,1.0
electricity,FI_E_ENS,FI_E_Demand,True,False,True,False,1000.0,0.0,,1000,0,0,1.0
electricity,FI_Wind_Onshore,FI_E_Balance,True,False,True,False,2.06,0.0,,1000,0,0,1.0
electricity,FI_Wind_Offshore,FI_E_Balance,True,False,True,False,4.17,0.0,,1000,0,0,1.0
electricity,FI_Solar,FI_E_Balance,True,False,True,False,0.0,0.0,,1000,0,0,1.0
electricity,FI_Hydro_Reservoir,FI_E_Balance,True,False,True,False,0.0,0.0,,1000,0,0,1.0
electricity,FI_Nuclear,FI_E_Balance,True,False,True,False,11.5,0.0,,1000,0,0,1.0
electricity,FI_E_Balance,FI_Battery,True,False,True,False,0.0,0.0,,1000,0,0,0.9550000000000001
electricity,FI_Battery,FI_E_Demand,True,False,True,False,0.0,0.0,,1000,0,0,0.9550000000000001
electricity,FI_Battery,FI_PEMEC,True,False,True,False,0.0,0.0,,1000,0,0,0.9550000000000001
hydrogen,FI_Blue_Hydrogen,FI_H_Demand,True,False,True,False,57.25,0.0,,1000,0,0,1.0
electricity,FI_E_Balance,FI_PEMEC,True,False,True,False,0.0,0.0,,1000,0,0,1.0
hydrogen,FI_PEMEC,FI_H2Tank,True,False,True,False,0.0,0.0,,1000,0,0,0.585
hydrogen,FI_PEMEC,FI_H_Demand,True,False,True,False,0.0,0.0,,1000,0,0,0.585
electricity,FI_PEMFC,FI_E_Demand,True,False,True,False,0.0,0.0,,1000,0,0,0.5
hydrogen,FI_H2Tank,FI_PEMFC,True,False,True,False,0.0,0.0,,1000,0,0,1.0
hydrogen,FI_H2Tank,FI_H_Demand,True,False,True,False,0.0,0.0,,1000,0,0,1.0
electricity,HR_E_Balance,HU_E_Demand,True,True,False,False,34,2.6957550984694505,,1000,1700,0,0.9
electricity,HU_E_Balance,HR_E_Demand,True,True,False,False,34,2.6957550984694505,,1000,1700,0,0.9
electricity,HR_E_Balance,SI_E_Demand,True,True,False,False,13,2.6957550984694505,,1000,2000,0,0.9
electricity,SI_E_Balance,HR_E_Demand,True,True,False,False,13,2.6957550984694505,,1000,2000,0,0.9
electricity,HR_E_Balance,HR_E_Demand,True,False,True,False,0.0,0.0,,1000,0,0,1.0
electricity,HR_E_ENS,HR_E_Demand,True,False,True,False,1000.0,0.0,,1000,0,0,1.0
electricity,HR_Wind_Onshore,HR_E_Balance,True,False,True,False,2.06,0.0,,1000,0,0,1.0
electricity,HR_Solar,HR_E_Balance,True,False,True,False,0.0,0.0,,1000,0,0,1.0
electricity,HR_Hydro,HR_E_Balance,True,False,True,False,0.0,0.0,,1000,0,0,1.0
electricity,HR_Hydro_Reservoir,HR_E_Balance,True,False,True,False,0.0,0.0,,1000,0,0,1.0
electricity,HR_E_Balance,HR_Battery,True,False,True,False,0.0,0.0,,1000,0,0,0.9550000000000001
electricity,HR_Battery,HR_E_Demand,True,False,True,False,0.0,0.0,,1000,0,0,0.9550000000000001
electricity,HR_Battery,HR_PEMEC,True,False,True,False,0.0,0.0,,1000,0,0,0.9550000000000001
electricity,HR_E_Balance,HR_Pump_Hydro_Open,True,False,True,False,0.0,0.0,,1000,0,0,0.875
electricity,HR_Pump_Hydro_Open,HR_E_Balance,True,False,True,False,0.0,0.0,,1000,0,0,0.875
electricity,HR_E_Balance,HR_PEMEC,True,False,True,False,0.0,0.0,,1000,0,0,1.0
hydrogen,HR_PEMEC,HR_H2Tank,True,False,True,False,0.0,0.0,,1000,0,0,0.585
electricity,HR_PEMFC,HR_E_Demand,True,False,True,False,0.0,0.0,,1000,0,0,0.5
hydrogen,HR_H2Tank,HR_PEMFC,True,False,True,False,0.0,0.0,,1000,0,0,1.0
electricity,GR_E_Balance,IT_E_Demand,True,True,False,False,90,2.6957550984694505,,1000,500,0,0.9
electricity,IT_E_Balance,GR_E_Demand,True,True,False,False,90,2.6957550984694505,,1000,500,0,0.9
electricity,GR_E_Balance,GR_E_Demand,True,False,True,False,0.0,0.0,,1000,0,0,1.0
electricity,GR_E_ENS,GR_E_Demand,True,False,True,False,1000.0,0.0,,1000,0,0,1.0
electricity,GR_Wind_Onshore,GR_E_Balance,True,False,True,False,2.06,0.0,,1000,0,0,1.0
electricity,GR_Wind_Offshore,GR_E_Balance,True,False,True,False,4.17,0.0,,1000,0,0,1.0
electricity,GR_Solar,GR_E_Balance,True,False,True,False,0.0,0.0,,1000,0,0,1.0
electricity,GR_Hydro,GR_E_Balance,True,False,True,False,0.0,0.0,,1000,0,0,1.0
electricity,GR_Hydro_Reservoir,GR_E_Balance,True,False,True,False,0.0,0.0,,1000,0,0,1.0
electricity,GR_E_Balance,GR_Battery,True,False,True,False,0.0,0.0,,1000,0,0,0.9550000000000001
electricity,GR_Battery,GR_E_Demand,True,False,True,False,0.0,0.0,,1000,0,0,0.9550000000000001
electricity,GR_Battery,GR_PEMEC,True,False,True,False,0.0,0.0,,1000,0,0,0.9550000000000001
electricity,GR_E_Balance,GR_Pump_Hydro_Closed,True,False,True,False,0.0,0.0,,1000,0,0,0.875
electricity,GR_Pump_Hydro_Closed,GR_E_Balance,True,False,True,False,0.0,0.0,,1000,0,0,0.875
electricity,GR_E_Balance,GR_Pump_Hydro_Open,True,False,True,False,0.0,0.0,,1000,0,0,0.875
electricity,GR_Pump_Hydro_Open,GR_E_Balance,True,False,True,False,0.0,0.0,,1000,0,0,0.875
hydrogen,GR_Blue_Hydrogen,GR_H_Demand,True,False,True,False,57.25,0.0,,1000,0,0,1.0
electricity,GR_E_Balance,GR_PEMEC,True,False,True,False,0.0,0.0,,1000,0,0,1.0
hydrogen,GR_PEMEC,GR_H2Tank,True,False,True,False,0.0,0.0,,1000,0,0,0.585
hydrogen,GR_PEMEC,GR_H_Demand,True,False,True,False,0.0,0.0,,1000,0,0,0.585
electricity,GR_PEMFC,GR_E_Demand,True,False,True,False,0.0,0.0,,1000,0,0,0.5
hydrogen,GR_H2Tank,GR_PEMFC,True,False,True,False,0.0,0.0,,1000,0,0,1.0
hydrogen,GR_H2Tank,GR_H_Demand,True,False,True,False,0.0,0.0,,1000,0,0,1.0
electricity,BG_E_Balance,GR_E_Demand,True,True,False,False,47,2.6957550984694505,,1000,1700,0,0.9
electricity,GR_E_Balance,BG_E_Demand,True,True,False,False,47,2.6957550984694505,,1000,1700,0,0.9
electricity,BG_E_Balance,BG_E_Demand,True,False,True,False,0.0,0.0,,1000,0,0,1.0
electricity,BG_E_ENS,BG_E_Demand,True,False,True,False,1000.0,0.0,,1000,0,0,1.0
electricity,BG_Wind_Onshore,BG_E_Balance,True,False,True,False,2.06,0.0,,1000,0,0,1.0
electricity,BG_Solar,BG_E_Balance,True,False,True,False,0.0,0.0,,1000,0,0,1.0
electricity,BG_Hydro,BG_E_Balance,True,False,True,False,0.0,0.0,,1000,0,0,1.0
electricity,BG_Hydro_Reservoir,BG_E_Balance,True,False,True,False,0.0,0.0,,1000,0,0,1.0
electricity,BG_Nuclear,BG_E_Balance,True,False,True,False,11.5,0.0,,1000,0,0,1.0
electricity,BG_E_Balance,BG_Battery,True,False,True,False,0.0,0.0,,1000,0,0,0.9550000000000001
electricity,BG_Battery,BG_E_Demand,True,False,True,False,0.0,0.0,,1000,0,0,0.9550000000000001
electricity,BG_Battery,BG_PEMEC,True,False,True,False,0.0,0.0,,1000,0,0,0.9550000000000001
electricity,BG_E_Balance,BG_Pump_Hydro_Closed,True,False,True,False,0.0,0.0,,1000,0,0,0.875
electricity,BG_Pump_Hydro_Closed,BG_E_Balance,True,False,True,False,0.0,0.0,,1000,0,0,0.875
electricity,BG_E_Balance,BG_Pump_Hydro_Open,True,False,True,False,0.0,0.0,,1000,0,0,0.875
electricity,BG_Pump_Hydro_Open,BG_E_Balance,True,False,True,False,0.0,0.0,,1000,0,0,0.875
electricity,BG_E_Balance,BG_PEMEC,True,False,True,False,0.0,0.0,,1000,0,0,1.0
hydrogen,BG_PEMEC,BG_H2Tank,True,False,True,False,0.0,0.0,,1000,0,0,0.585
electricity,BG_PEMFC,BG_E_Demand,True,False,True,False,0.0,0.0,,1000,0,0,0.5
hydrogen,BG_H2Tank,BG_PEMFC,True,False,True,False,0.0,0.0,,1000,0,0,1.0
electricity,RO_E_Balance,BG_E_Demand,True,True,False,False,36,2.6957550984694505,,1000,1500,0,0.9
electricity,BG_E_Balance,RO_E_Demand,True,True,False,False,36,2.6957550984694505,,1000,1500,0,0.9
electricity,RO_E_Balance,HU_E_Demand,True,True,False,False,43,2.6957550984694505,,1000,500,0,0.9
electricity,HU_E_Balance,RO_E_Demand,True,True,False,False,43,2.6957550984694505,,1000,500,0,0.9
electricity,RO_E_Balance,RO_E_Demand,True,False,True,False,0.0,0.0,,1000,0,0,1.0
electricity,RO_E_ENS,RO_E_Demand,True,False,True,False,1000.0,0.0,,1000,0,0,1.0
electricity,RO_Wind_Onshore,RO_E_Balance,True,False,True,False,2.06,0.0,,1000,0,0,1.0
electricity,RO_Solar,RO_E_Balance,True,False,True,False,0.0,0.0,,1000,0,0,1.0
electricity,RO_Hydro,RO_E_Balance,True,False,True,False,0.0,0.0,,1000,0,0,1.0
electricity,RO_Hydro_Reservoir,RO_E_Balance,True,False,True,False,0.0,0.0,,1000,0,0,1.0
electricity,RO_Nuclear,RO_E_Balance,True,False,True,False,11.5,0.0,,1000,0,0,1.0
electricity,RO_E_Balance,RO_Battery,True,False,True,False,0.0,0.0,,1000,0,0,0.9550000000000001
electricity,RO_Battery,RO_E_Demand,True,False,True,False,0.0,0.0,,1000,0,0,0.9550000000000001
electricity,RO_Battery,RO_PEMEC,True,False,True,False,0.0,0.0,,1000,0,0,0.9550000000000001
electricity,RO_E_Balance,RO_Pump_Hydro_Open,True,False,True,False,0.0,0.0,,1000,0,0,0.875
electricity,RO_Pump_Hydro_Open,RO_E_Balance,True,False,True,False,0.0,0.0,,1000,0,0,0.875
hydrogen,RO_Blue_Hydrogen,RO_H_Demand,True,False,True,False,57.25,0.0,,1000,0,0,1.0
electricity,RO_E_Balance,RO_PEMEC,True,False,True,False,0.0,0.0,,1000,0,0,1.0
hydrogen,RO_PEMEC,RO_H2Tank,True,False,True,False,0.0,0.0,,1000,0,0,0.585
hydrogen,RO_PEMEC,RO_H_Demand,True,False,True,False,0.0,0.0,,1000,0,0,0.585
electricity,RO_PEMFC,RO_E_Demand,True,False,True,False,0.0,0.0,,1000,0,0,0.5
hydrogen,RO_H2Tank,RO_PEMFC,True,False,True,False,0.0,0.0,,1000,0,0,1.0
hydrogen,RO_H2Tank,RO_H_Demand,True,False,True,False,0.0,0.0,,1000,0,0,1.0
electricity,CY_E_Balance,GR_E_Demand,True,True,False,False,104,2.6957550984694505,,1000,1000,0,0.9
electricity,GR_E_Balance,CY_E_Demand,True,True,False,False,104,2.6957550984694505,,1000,1000,0,0.9
electricity,CY_E_Balance,CY_E_Demand,True,False,True,False,0.0,0.0,,1000,0,0,1.0
electricity,CY_E_ENS,CY_E_Demand,True,False,True,False,1000.0,0.0,,1000,0,0,1.0
electricity,CY_Wind_Onshore,CY_E_Balance,True,False,True,False,2.06,0.0,,1000,0,0,1.0
electricity,CY_Solar,CY_E_Balance,True,False,True,False,0.0,0.0,,1000,0,0,1.0
electricity,CY_E_Balance,CY_Battery,True,False,True,False,0.0,0.0,,1000,0,0,0.9550000000000001
electricity,CY_Battery,CY_E_Demand,True,False,True,False,0.0,0.0,,1000,0,0,0.9550000000000001
electricity,CY_Battery,CY_PEMEC,True,False,True,False,0.0,0.0,,1000,0,0,0.9550000000000001
electricity,CY_E_Balance,CY_PEMEC,True,False,True,False,0.0,0.0,,1000,0,0,1.0
hydrogen,CY_PEMEC,CY_H2Tank,True,False,True,False,0.0,0.0,,1000,0,0,0.585
electricity,CY_PEMFC,CY_E_Demand,True,False,True,False,0.0,0.0,,1000,0,0,0.5
hydrogen,CY_H2Tank,CY_PEMFC,True,False,True,False,0.0,0.0,,1000,0,0,1.0
