,{producer;consumer;storage;hub;conversion},{true;false},{true;false},{true;false},kEUR/MW/year,MW,MW,MW,MW,{true;false},MWh/year,MWh,MWh,h
name,type,active,investable,investment_integer,investment_cost,investment_limit,capacity,initial_capacity,peak_demand,is_seasonal,storage_inflows,initial_storage_capacity,initial_storage_level,energy_to_power_ratio
NL_E_Balance,hub,True,False,False,0.0,,0.0,0.0,0.0,False,0,0.0,0.0,0
NL_E_Demand,consumer,True,False,False,0.0,,0.0,0.0,21291.22,False,0,0.0,0.0,0
NL_E_ENS,producer,True,True,False,0.0,,1000.0,0.0,0.0,False,0,0.0,0.0,0
NL_Wind_Onshore,producer,True,True,False,77356.32865703155,7976.0,1000.0,0.0,0.0,False,0,0.0,0.0,0
NL_Wind_Offshore,producer,True,True,False,119732.61777406993,,1000.0,0.0,0.0,False,0,0.0,0.0,0
NL_Solar,producer,True,True,False,34342.98027538492,,1000.0,0.0,0.0,False,0,0.0,0.0,0
NL_Battery,storage,True,True,False,77577.8503057667,,1000.0,0.0,0.0,False,0,0.0,,3
NL_H_Demand,consumer,True,False,False,0.0,,0.0,0.0,6090.833333333333,False,0,0.0,,0
NL_Blue_Hydrogen,producer,True,True,False,0.0,,1000.0,0.0,0.0,False,0,0.0,,0
NL_PEMEC,conversion,True,True,False,69706.05505619879,,1000.0,0.0,0.0,False,0,0.0,,0
NL_PEMFC,conversion,True,True,False,147495.02600554653,,1000.0,0.0,0.0,False,0,0.0,,0
NL_H2Tank,storage,True,True,False,12682.673923355702,,1000.0,0.0,0.0,False,0,0.0,,4
BE_E_Balance,hub,True,False,False,0.0,,0.0,0.0,0.0,False,0,0.0,0.0,0
BE_E_Demand,consumer,True,False,False,0.0,,0.0,0.0,14380.34,False,0,0.0,0.0,0
BE_E_ENS,producer,True,True,False,0.0,,1000.0,0.0,0.0,False,0,0.0,0.0,0
BE_Wind_Onshore,producer,True,True,False,77356.32865703155,4669.0,1000.0,0.0,0.0,False,0,0.0,0.0,0
BE_Wind_Offshore,producer,True,True,False,119732.61777406993,,1000.0,0.0,0.0,False,0,0.0,0.0,0
BE_Solar,producer,True,True,False,34342.98027538492,,1000.0,0.0,0.0,False,0,0.0,0.0,0
BE_Hydro,producer,True,False,False,0.0,,1372.0,1372.0,0.0,False,0,0.0,0.0,0
BE_Battery,storage,True,True,False,77577.8503057667,,1000.0,0.0,0.0,False,0,0.0,,3
BE_H_Demand,consumer,True,False,False,0.0,,0.0,0.0,2634.1666666666665,False,0,0.0,,0
BE_Blue_Hydrogen,producer,True,True,False,0.0,,1000.0,0.0,0.0,False,0,0.0,,0
BE_PEMEC,conversion,True,True,False,69706.05505619879,,1000.0,0.0,0.0,False,0,0.0,,0
BE_PEMFC,conversion,True,True,False,147495.02600554653,,1000.0,0.0,0.0,False,0,0.0,,0
BE_H2Tank,storage,True,True,False,12682.673923355702,,1000.0,0.0,0.0,False,0,0.0,,4
DE_E_Balance,hub,True,False,False,0.0,,0.0,0.0,0.0,False,0,0.0,0.0,0
DE_E_Demand,consumer,True,False,False,0.0,,0.0,0.0,90152.0,False,0,0.0,0.0,0
DE_E_ENS,producer,True,True,False,0.0,,1000.0,0.0,0.0,False,0,0.0,0.0,0
DE_Wind_Onshore,producer,True,True,False,77356.32865703155,75372.0,1000.0,0.0,0.0,False,0,0.0,0.0,0
DE_Wind_Offshore,producer,True,True,False,119732.61777406993,,1000.0,0.0,0.0,False,0,0.0,0.0,0
DE_Solar,producer,True,True,False,34342.98027538492,,1000.0,0.0,0.0,False,0,0.0,0.0,0
DE_Hydro,producer,True,False,False,0.0,,15055.0,15055.0,0.0,False,0,0.0,0.0,0
DE_Hydro_Reservoir,storage,True,False,False,0.0,,1297.0,1297.0,0.0,False,1297,258600.0,129300.0,0
DE_Battery,storage,True,True,False,77577.8503057667,,1000.0,0.0,0.0,False,0,0.0,,3
DE_Pump_Hydro_Closed,storage,True,False,False,0.0,,1000.0,7382.0,0.0,False,7382,242200.0,141100.0,0
DE_Pump_Hydro_Open,storage,True,False,False,0.0,,1000.0,1644.0,0.0,False,1644,416700.0,208350.0,0
DE_H_Demand,consumer,True,False,False,0.0,,0.0,0.0,670.8333333333334,False,0,0.0,,0
DE_Blue_Hydrogen,producer,True,True,False,0.0,,1000.0,0.0,0.0,False,0,0.0,,0
DE_PEMEC,conversion,True,True,False,69706.05505619879,,1000.0,0.0,0.0,False,0,0.0,,0
DE_PEMFC,conversion,True,True,False,147495.02600554653,,1000.0,0.0,0.0,False,0,0.0,,0
DE_H2Tank,storage,True,True,False,12682.673923355702,,1000.0,0.0,0.0,False,0,0.0,,4
FR_E_Balance,hub,True,False,False,0.0,,0.0,0.0,0.0,False,0,0.0,0.0,0
FR_E_Demand,consumer,True,False,False,0.0,,0.0,0.0,85861.0,False,0,0.0,0.0,0
FR_E_ENS,producer,True,True,False,0.0,,1000.0,0.0,0.0,False,0,0.0,0.0,0
FR_Wind_Onshore,producer,True,True,False,77356.32865703155,35929.0,1000.0,0.0,0.0,False,0,0.0,0.0,0
FR_Wind_Offshore,producer,True,True,False,119732.61777406993,,1000.0,0.0,0.0,False,0,0.0,0.0,0
FR_Solar,producer,True,True,False,34342.98027538492,,1000.0,0.0,0.0,False,0,0.0,0.0,0
FR_Hydro,producer,True,False,False,0.0,,13600.0,13600.0,0.0,False,0,0.0,0.0,0
FR_Hydro_Reservoir,storage,True,False,False,0.0,,8785.0,8785.0,0.0,False,8785,10000000.0,5000000.0,0
FR_Nuclear,producer,True,False,False,0.0,,59110.0,59110.0,0.0,False,0,0.0,0.0,0
FR_Battery,storage,True,True,False,77577.8503057667,,1000.0,0.0,0.0,False,0,0.0,,3
FR_Pump_Hydro_Closed,storage,True,False,False,0.0,,1000.0,1950.0,0.0,False,1950,10000.0,5000.0,0
FR_Pump_Hydro_Open,storage,True,False,False,0.0,,1000.0,1850.0,0.0,False,1850,90000.0,45000.0,0
FR_H_Demand,consumer,True,False,False,0.0,,0.0,0.0,1644.5833333333333,False,0,0.0,,0
FR_Blue_Hydrogen,producer,True,True,False,0.0,,1000.0,0.0,0.0,False,0,0.0,,0
FR_PEMEC,conversion,True,True,False,69706.05505619879,,1000.0,0.0,0.0,False,0,0.0,,0
FR_PEMFC,conversion,True,True,False,147495.02600554653,,1000.0,0.0,0.0,False,0,0.0,,0
FR_H2Tank,storage,True,True,False,12682.673923355702,,1000.0,0.0,0.0,False,0,0.0,,4
DK_E_Balance,hub,True,False,False,0.0,,0.0,0.0,0.0,False,0,0.0,0.0,0
DK_E_Demand,consumer,True,False,False,0.0,,0.0,0.0,9633.0,False,0,0.0,0.0,0
DK_E_ENS,producer,True,True,False,0.0,,1000.0,0.0,0.0,False,0,0.0,0.0,0
DK_Wind_Onshore,producer,True,True,False,77356.32865703155,6157.0,1000.0,0.0,0.0,False,0,0.0,0.0,0
DK_Wind_Offshore,producer,True,True,False,119732.61777406993,,1000.0,0.0,0.0,False,0,0.0,0.0,0
DK_Solar,producer,True,True,False,34342.98027538492,,1000.0,0.0,0.0,False,0,0.0,0.0,0
DK_Battery,storage,True,True,False,77577.8503057667,,1000.0,0.0,0.0,False,0,0.0,,3
DK_H_Demand,consumer,True,False,False,0.0,,0.0,0.0,314.5833333333333,False,0,0.0,,0
DK_Blue_Hydrogen,producer,True,True,False,0.0,,1000.0,0.0,0.0,False,0,0.0,,0
DK_PEMEC,conversion,True,True,False,69706.05505619879,,1000.0,0.0,0.0,False,0,0.0,,0
DK_PEMFC,conversion,True,True,False,147495.02600554653,,1000.0,0.0,0.0,False,0,0.0,,0
DK_H2Tank,storage,True,True,False,12682.673923355702,,1000.0,0.0,0.0,False,0,0.0,,4
UK_E_Balance,hub,True,False,False,0.0,,0.0,0.0,0.0,False,0,0.0,0.0,0
UK_E_Demand,consumer,True,False,False,0.0,,0.0,0.0,61936.0,False,0,0.0,0.0,0
UK_E_ENS,producer,True,True,False,0.0,,1000.0,0.0,0.0,False,0,0.0,0.0,0
UK_Wind_Onshore,producer,True,True,False,77356.32865703155,26590.0,1000.0,0.0,0.0,False,0,0.0,0.0,0
UK_Wind_Offshore,producer,True,True,False,119732.61777406993,,1000.0,0.0,0.0,False,0,0.0,0.0,0
UK_Solar,producer,True,True,False,34342.98027538492,,1000.0,0.0,0.0,False,0,0.0,0.0,0
UK_Hydro,producer,True,False,False,0.0,,4839.0,4839.0,0.0,False,0,0.0,0.0,0
UK_Nuclear,producer,True,False,False,0.0,,9328.0,9328.0,0.0,False,0,0.0,0.0,0
UK_Battery,storage,True,True,False,77577.8503057667,,1000.0,0.0,0.0,False,0,0.0,,3
UK_Pump_Hydro_Closed,storage,True,False,False,0.0,,1000.0,2744.0,0.0,False,2744,26400.0,13200.0,0
UK_PEMEC,conversion,True,True,False,69706.05505619879,,1000.0,0.0,0.0,False,0,0.0,,0
UK_PEMFC,conversion,True,True,False,147495.02600554653,,1000.0,0.0,0.0,False,0,0.0,,0
UK_H2Tank,storage,True,True,False,12682.673923355702,,1000.0,0.0,0.0,False,0,0.0,,4
IE_E_Balance,hub,True,False,False,0.0,,0.0,0.0,0.0,False,0,0.0,0.0,0
IE_E_Demand,consumer,True,False,False,0.0,,0.0,0.0,6280.0,False,0,0.0,0.0,0
IE_E_ENS,producer,True,True,False,0.0,,1000.0,0.0,0.0,False,0,0.0,0.0,0
IE_Wind_Onshore,producer,True,True,False,77356.32865703155,5800.0,1000.0,0.0,0.0,False,0,0.0,0.0,0
IE_Wind_Offshore,producer,True,True,False,119732.61777406993,,1000.0,0.0,0.0,False,0,0.0,0.0,0
IE_Solar,producer,True,True,False,34342.98027538492,,1000.0,0.0,0.0,False,0,0.0,0.0,0
IE_Hydro,producer,True,False,False,0.0,,508.0,508.0,0.0,False,0,0.0,0.0,0
IE_Battery,storage,True,True,False,77577.8503057667,,1000.0,0.0,0.0,False,0,0.0,,3
IE_Pump_Hydro_Closed,storage,True,False,False,0.0,,1000.0,292.0,0.0,False,292,1700.0,850.0,0
IE_PEMEC,conversion,True,True,False,69706.05505619879,,1000.0,0.0,0.0,False,0,0.0,,0
IE_PEMFC,conversion,True,True,False,147495.02600554653,,1000.0,0.0,0.0,False,0,0.0,,0
IE_H2Tank,storage,True,True,False,12682.673923355702,,1000.0,0.0,0.0,False,0,0.0,,4
CH_E_Balance,hub,True,False,False,0.0,,0.0,0.0,0.0,False,0,0.0,0.0,0
CH_E_Demand,consumer,True,False,False,0.0,,0.0,0.0,10383.0,False,0,0.0,0.0,0
CH_E_ENS,producer,True,True,False,0.0,,1000.0,0.0,0.0,False,0,0.0,0.0,0
CH_Wind_Onshore,producer,True,True,False,77356.32865703155,300.0,1000.0,0.0,0.0,False,0,0.0,0.0,0
CH_Solar,producer,True,True,False,34342.98027538492,,1000.0,0.0,0.0,False,0,0.0,0.0,0
CH_Hydro,producer,True,False,False,0.0,,17100.0,17100.0,0.0,False,0,0.0,0.0,0
CH_Nuclear,producer,True,False,False,0.0,,1190.0,1190.0,0.0,False,0,0.0,0.0,0
CH_Battery,storage,True,True,False,77577.8503057667,,1000.0,0.0,0.0,False,0,0.0,,3
CH_Pump_Hydro_Closed,storage,True,False,False,0.0,,1000.0,2170.0,0.0,False,2170,70000.0,35000.0,0
CH_Pump_Hydro_Open,storage,True,False,False,0.0,,1000.0,10732.0,0.0,False,10732,8800000.0,4400000.0,0
CH_PEMEC,conversion,True,True,False,69706.05505619879,,1000.0,0.0,0.0,False,0,0.0,,0
CH_PEMFC,conversion,True,True,False,147495.02600554653,,1000.0,0.0,0.0,False,0,0.0,,0
CH_H2Tank,storage,True,True,False,12682.673923355702,,1000.0,0.0,0.0,False,0,0.0,,4
AT_E_Balance,hub,True,False,False,0.0,,0.0,0.0,0.0,False,0,0.0,0.0,0
AT_E_Demand,consumer,True,False,False,0.0,,0.0,0.0,13428.0,False,0,0.0,0.0,0
AT_E_ENS,producer,True,True,False,0.0,,1000.0,0.0,0.0,False,0,0.0,0.0,0
AT_Wind_Onshore,producer,True,True,False,77356.32865703155,9000.0,1000.0,0.0,0.0,False,0,0.0,0.0,0
AT_Solar,producer,True,True,False,34342.98027538492,,1000.0,0.0,0.0,False,0,0.0,0.0,0
AT_Hydro,producer,True,False,False,0.0,,12190.0,12190.0,0.0,False,0,0.0,0.0,0
AT_Hydro_Reservoir,storage,True,False,False,0.0,,2489.0,2489.0,0.0,False,2489,757000.0,378500.0,0
AT_Battery,storage,True,True,False,77577.8503057667,,1000.0,0.0,0.0,False,0,0.0,,3
AT_Pump_Hydro_Closed,storage,True,False,False,0.0,,1000.0,300.0,0.0,False,300,1800.0,900.0,0
AT_Pump_Hydro_Open,storage,True,False,False,0.0,,1000.0,5793.0,0.0,False,5793,1732600.0,866300.0,0
AT_H_Demand,consumer,True,False,False,0.0,,0.0,0.0,551.25,False,0,0.0,,0
AT_Blue_Hydrogen,producer,True,True,False,0.0,,1000.0,0.0,0.0,False,0,0.0,,0
AT_PEMEC,conversion,True,True,False,69706.05505619879,,1000.0,0.0,0.0,False,0,0.0,,0
AT_PEMFC,conversion,True,True,False,147495.02600554653,,1000.0,0.0,0.0,False,0,0.0,,0
AT_H2Tank,storage,True,True,False,12682.673923355702,,1000.0,0.0,0.0,False,0,0.0,,4
LU_E_Balance,hub,True,False,False,0.0,,0.0,0.0,0.0,False,0,0.0,0.0,0
LU_E_Demand,consumer,True,False,False,0.0,,0.0,0.0,1272.0,False,0,0.0,0.0,0
LU_E_ENS,producer,True,True,False,0.0,,1000.0,0.0,0.0,False,0,0.0,0.0,0
LU_Wind_Onshore,producer,True,True,False,77356.32865703155,400.0,1000.0,0.0,0.0,False,0,0.0,0.0,0
LU_Solar,producer,True,True,False,34342.98027538492,,1000.0,0.0,0.0,False,0,0.0,0.0,0
LU_Hydro,producer,True,False,False,0.0,,42.0,42.0,0.0,False,0,0.0,0.0,0
LU_Battery,storage,True,True,False,77577.8503057667,,1000.0,0.0,0.0,False,0,0.0,,3
LU_Pump_Hydro_Closed,storage,True,False,False,0.0,,1000.0,1310.0,0.0,False,1310,5000.0,2500.0,0
LU_H_Demand,consumer,True,False,False,0.0,,0.0,0.0,193.33333333333334,False,0,0.0,,0
LU_Blue_Hydrogen,producer,True,True,False,0.0,,1000.0,0.0,0.0,False,0,0.0,,0
LU_PEMEC,conversion,True,True,False,69706.05505619879,,1000.0,0.0,0.0,False,0,0.0,,0
LU_PEMFC,conversion,True,True,False,147495.02600554653,,1000.0,0.0,0.0,False,0,0.0,,0
LU_H2Tank,storage,True,True,False,12682.673923355702,,1000.0,0.0,0.0,False,0,0.0,,4
CZ_E_Balance,hub,True,False,False,0.0,,0.0,0.0,0.0,False,0,0.0,0.0,0
CZ_E_Demand,consumer,True,False,False,0.0,,0.0,0.0,11417.0,False,0,0.0,0.0,0
CZ_E_ENS,producer,True,True,False,0.0,,1000.0,0.0,0.0,False,0,0.0,0.0,0
CZ_Wind_Onshore,producer,True,True,False,77356.32865703155,742.0,1000.0,0.0,0.0,False,0,0.0,0.0,0
CZ_Solar,producer,True,True,False,34342.98027538492,,1000.0,0.0,0.0,False,0,0.0,0.0,0
CZ_Hydro,producer,True,False,False,0.0,,432.0,432.0,0.0,False,0,0.0,0.0,0
CZ_Hydro_Reservoir,storage,True,False,False,0.0,,698.0,698.0,0.0,False,698,2500.0,1250.0,0
CZ_Nuclear,producer,True,False,False,0.0,,4047.0,4047.0,0.0,False,0,0.0,0.0,0
CZ_Battery,storage,True,True,False,77577.8503057667,,1000.0,0.0,0.0,False,0,0.0,,3
CZ_Pump_Hydro_Closed,storage,True,False,False,0.0,,1000.0,688.0,0.0,False,688,3700.0,1850.0,0
CZ_Pump_Hydro_Open,storage,True,False,False,0.0,,1000.0,470.0,0.0,False,470,2300.0,1150.0,0
CZ_H_Demand,consumer,True,False,False,0.0,,0.0,0.0,370.4166666666667,False,0,0.0,,0
CZ_Blue_Hydrogen,producer,True,True,False,0.0,,1000.0,0.0,0.0,False,0,0.0,,0
CZ_PEMEC,conversion,True,True,False,69706.05505619879,,1000.0,0.0,0.0,False,0,0.0,,0
CZ_PEMFC,conversion,True,True,False,147495.02600554653,,1000.0,0.0,0.0,False,0,0.0,,0
CZ_H2Tank,storage,True,True,False,12682.673923355702,,1000.0,0.0,0.0,False,0,0.0,,4
PL_E_Balance,hub,True,False,False,0.0,,0.0,0.0,0.0,False,0,0.0,0.0,0
PL_E_Demand,consumer,True,False,False,0.0,,0.0,0.0,27889.0,False,0,0.0,0.0,0
PL_E_ENS,producer,True,True,False,0.0,,1000.0,0.0,0.0,False,0,0.0,0.0,0
PL_Wind_Onshore,producer,True,True,False,77356.32865703155,8663.0,1000.0,0.0,0.0,False,0,0.0,0.0,0
PL_Wind_Offshore,producer,True,True,False,119732.61777406993,,1000.0,0.0,0.0,False,0,0.0,0.0,0
PL_Solar,producer,True,True,False,34342.98027538492,,1000.0,0.0,0.0,False,0,0.0,0.0,0
PL_Hydro,producer,True,False,False,0.0,,518.0,518.0,0.0,False,0,0.0,0.0,0
PL_Hydro_Reservoir,storage,True,False,False,0.0,,272.0,272.0,0.0,False,272,800.0,400.0,0
PL_Battery,storage,True,True,False,77577.8503057667,,1000.0,0.0,0.0,False,0,0.0,,3
PL_Pump_Hydro_Closed,storage,True,False,False,0.0,,1000.0,1323.0,0.0,False,1323,6300.0,3150.0,0
PL_Pump_Hydro_Open,storage,True,False,False,0.0,,1000.0,216.0,0.0,False,216,1500.0,750.0,0
PL_PEMEC,conversion,True,True,False,69706.05505619879,,1000.0,0.0,0.0,False,0,0.0,,0
PL_PEMFC,conversion,True,True,False,147495.02600554653,,1000.0,0.0,0.0,False,0,0.0,,0
PL_H2Tank,storage,True,True,False,12682.673923355702,,1000.0,0.0,0.0,False,0,0.0,,4
SE_E_Balance,hub,True,False,False,0.0,,0.0,0.0,0.0,False,0,0.0,0.0,0
SE_E_Demand,consumer,True,False,False,0.0,,0.0,0.0,24623.0,False,0,0.0,0.0,0
SE_E_ENS,producer,True,True,False,0.0,,1000.0,0.0,0.0,False,0,0.0,0.0,0
SE_Wind_Onshore,producer,True,True,False,77356.32865703155,16901.0,1000.0,0.0,0.0,False,0,0.0,0.0,0
SE_Wind_Offshore,producer,True,True,False,119732.61777406993,,1000.0,0.0,0.0,False,0,0.0,0.0,0
SE_Solar,producer,True,True,False,34342.98027538492,,1000.0,0.0,0.0,False,0,0.0,0.0,0
SE_Hydro_Reservoir,storage,True,False,False,0.0,,16447.0,16447.0,0.0,False,16447,31931326.0,15965663.0,0
SE_Nuclear,producer,True,False,False,0.0,,5114.0,5114.0,0.0,False,0,0.0,0.0,0
SE_Battery,storage,True,True,False,77577.8503057667,,1000.0,0.0,0.0,False,0,0.0,,3
SE_H_Demand,consumer,True,False,False,0.0,,0.0,0.0,967.5,False,0,0.0,,0
SE_Blue_Hydrogen,producer,True,True,False,0.0,,1000.0,0.0,0.0,False,0,0.0,,0
SE_PEMEC,conversion,True,True,False,69706.05505619879,,1000.0,0.0,0.0,False,0,0.0,,0
SE_PEMFC,conversion,True,True,False,147495.02600554653,,1000.0,0.0,0.0,False,0,0.0,,0
SE_H2Tank,storage,True,True,False,12682.673923355702,,1000.0,0.0,0.0,False,0,0.0,,4
NO_E_Balance,hub,True,False,False,0.0,,0.0,0.0,0.0,False,0,0.0,0.0,0
NO_E_Demand,consumer,True,False,False,0.0,,0.0,0.0,27028.0,False,0,0.0,0.0,0
NO_E_ENS,producer,True,True,False,0.0,,1000.0,0.0,0.0,False,0,0.0,0.0,0
NO_Wind_Onshore,producer,True,True,False,77356.32865703155,6060.0,1000.0,0.0,0.0,False,0,0.0,0.0,0
NO_Wind_Offshore,producer,True,True,False,119732.61777406993,,1000.0,0.0,0.0,False,0,0.0,0.0,0
NO_Solar,producer,True,True,False,34342.98027538492,,1000.0,0.0,0.0,False,0,0.0,0.0,0
NO_Battery,storage,True,True,False,77577.8503057667,,1000.0,0.0,0.0,False,0,0.0,,3
NO_Pump_Hydro_Open,storage,True,False,False,0.0,,1000.0,38048.0,0.0,False,38048,89577400.0,44788700.0,0
NO_PEMEC,conversion,True,True,False,69706.05505619879,,1000.0,0.0,0.0,False,0,0.0,,0
NO_PEMFC,conversion,True,True,False,147495.02600554653,,1000.0,0.0,0.0,False,0,0.0,,0
NO_H2Tank,storage,True,True,False,12682.673923355702,,1000.0,0.0,0.0,False,0,0.0,,4
ES_E_Balance,hub,True,False,False,0.0,,0.0,0.0,0.0,False,0,0.0,0.0,0
ES_E_Demand,consumer,True,False,False,0.0,,0.0,0.0,44844.0,False,0,0.0,0.0,0
ES_E_ENS,producer,True,True,False,0.0,,1000.0,0.0,0.0,False,0,0.0,0.0,0
ES_Wind_Onshore,producer,True,True,False,77356.32865703155,48350.0,1000.0,0.0,0.0,False,0,0.0,0.0,0
ES_Wind_Offshore,producer,True,True,False,119732.61777406993,,1000.0,0.0,0.0,False,0,0.0,0.0,0
ES_Solar,producer,True,True,False,34342.98027538492,,1000.0,0.0,0.0,False,0,0.0,0.0,0
ES_Hydro,producer,True,False,False,0.0,,3640.0,3640.0,0.0,False,0,0.0,0.0,0
ES_Hydro_Reservoir,storage,True,False,False,0.0,,10972.0,10972.0,0.0,False,10972,11648500.0,5824250.0,0
ES_Nuclear,producer,True,False,False,0.0,,3041.0,3041.0,0.0,False,0,0.0,0.0,0
ES_Battery,storage,True,True,False,77577.8503057667,,1000.0,0.0,0.0,False,0,0.0,,3
ES_Pump_Hydro_Closed,storage,True,False,False,0.0,,1000.0,6866.0,0.0,False,6866,99000.0,49500.0,0
ES_Pump_Hydro_Open,storage,True,False,False,0.0,,1000.0,2683.0,0.0,False,2683,5961900.0,2980950.0,0
ES_H_Demand,consumer,True,False,False,0.0,,0.0,0.0,512.5,False,0,0.0,,0
ES_Blue_Hydrogen,producer,True,True,False,0.0,,1000.0,0.0,0.0,False,0,0.0,,0
ES_PEMEC,conversion,True,True,False,69706.05505619879,,1000.0,0.0,0.0,False,0,0.0,,0
ES_PEMFC,conversion,True,True,False,147495.02600554653,,1000.0,0.0,0.0,False,0,0.0,,0
ES_H2Tank,storage,True,True,False,12682.673923355702,,1000.0,0.0,0.0,False,0,0.0,,4
PT_E_Balance,hub,True,False,False,0.0,,0.0,0.0,0.0,False,0,0.0,0.0,0
PT_E_Demand,consumer,True,False,False,0.0,,0.0,0.0,9030.0,False,0,0.0,0.0,0
PT_E_ENS,producer,True,True,False,0.0,,1000.0,0.0,0.0,False,0,0.0,0.0,0
PT_Wind_Onshore,producer,True,True,False,77356.32865703155,8901.0,1000.0,0.0,0.0,False,0,0.0,0.0,0
PT_Wind_Offshore,producer,True,True,False,119732.61777406993,,1000.0,0.0,0.0,False,0,0.0,0.0,0
PT_Solar,producer,True,True,False,34342.98027538492,,1000.0,0.0,0.0,False,0,0.0,0.0,0
PT_Hydro,producer,True,False,False,0.0,,793.0,793.0,0.0,False,0,0.0,0.0,0
PT_Hydro_Reservoir,storage,True,False,False,0.0,,3766.0,3766.0,0.0,False,3766,1289600.0,644800.0,0
PT_Battery,storage,True,True,False,77577.8503057667,,1000.0,0.0,0.0,False,0,0.0,,3
PT_Pump_Hydro_Open,storage,True,False,False,0.0,,1000.0,3832.0,0.0,False,3832,2017900.0,1008950.0,0
PT_PEMEC,conversion,True,True,False,69706.05505619879,,1000.0,0.0,0.0,False,0,0.0,,0
PT_PEMFC,conversion,True,True,False,147495.02600554653,,1000.0,0.0,0.0,False,0,0.0,,0
PT_H2Tank,storage,True,True,False,12682.673923355702,,1000.0,0.0,0.0,False,0,0.0,,4
IT_E_Balance,hub,True,False,False,0.0,,0.0,0.0,0.0,False,0,0.0,0.0,0
IT_E_Demand,consumer,True,False,False,0.0,,0.0,0.0,62099.0,False,0,0.0,0.0,0
IT_E_ENS,producer,True,True,False,0.0,,1000.0,0.0,0.0,False,0,0.0,0.0,0
IT_Wind_Onshore,producer,True,True,False,77356.32865703155,18400.0,1000.0,0.0,0.0,False,0,0.0,0.0,0
IT_Wind_Offshore,producer,True,True,False,119732.61777406993,,1000.0,0.0,0.0,False,0,0.0,0.0,0
IT_Solar,producer,True,True,False,34342.98027538492,,1000.0,0.0,0.0,False,0,0.0,0.0,0
IT_Hydro,producer,True,False,False,0.0,,6180.0,6180.0,0.0,False,0,0.0,0.0,0
IT_Hydro_Reservoir,storage,True,False,False,0.0,,9576.0,9576.0,0.0,False,9576,5567850.0,2783925.0,0
IT_Battery,storage,True,True,False,77577.8503057667,,1000.0,0.0,0.0,False,0,0.0,,3
IT_Pump_Hydro_Closed,storage,True,False,False,0.0,,1000.0,6200.0,0.0,False,6200,63000.0,31500.0,0
IT_Pump_Hydro_Open,storage,True,False,False,0.0,,1000.0,3254.0,0.0,False,3254,288990.0,144495.0,0
IT_H_Demand,consumer,True,False,False,0.0,,0.0,0.0,2655.0,False,0,0.0,,0
IT_Blue_Hydrogen,producer,True,True,False,0.0,,1000.0,0.0,0.0,False,0,0.0,,0
IT_PEMEC,conversion,True,True,False,69706.05505619879,,1000.0,0.0,0.0,False,0,0.0,,0
IT_PEMFC,conversion,True,True,False,147495.02600554653,,1000.0,0.0,0.0,False,0,0.0,,0
IT_H2Tank,storage,True,True,False,12682.673923355702,,1000.0,0.0,0.0,False,0,0.0,,4
MT_E_Balance,hub,True,False,False,0.0,,0.0,0.0,0.0,False,0,0.0,0.0,0
MT_E_Demand,consumer,True,False,False,0.0,,0.0,0.0,552.0,False,0,0.0,0.0,0
MT_E_ENS,producer,True,True,False,0.0,,1000.0,0.0,0.0,False,0,0.0,0.0,0
MT_Solar,producer,True,True,False,34342.98027538492,,1000.0,0.0,0.0,False,0,0.0,0.0,0
MT_Battery,storage,True,True,False,77577.8503057667,,1000.0,0.0,0.0,False,0,0.0,,3
MT_PEMEC,conversion,True,True,False,69706.05505619879,,1000.0,0.0,0.0,False,0,0.0,,0
MT_PEMFC,conversion,True,True,False,147495.02600554653,,1000.0,0.0,0.0,False,0,0.0,,0
MT_H2Tank,storage,True,True,False,12682.673923355702,,1000.0,0.0,0.0,False,0,0.0,,4
SI_E_Balance,hub,True,False,False,0.0,,0.0,0.0,0.0,False,0,0.0,0.0,0
SI_E_Demand,consumer,True,False,False,0.0,,0.0,0.0,2448.0,False,0,0.0,0.0,0
SI_E_ENS,producer,True,True,False,0.0,,1000.0,0.0,0.0,False,0,0.0,0.0,0
SI_Wind_Onshore,producer,True,True,False,77356.32865703155,150.0,1000.0,0.0,0.0,False,0,0.0,0.0,0
SI_Solar,producer,True,True,False,34342.98027538492,,1000.0,0.0,0.0,False,0,0.0,0.0,0
SI_Hydro,producer,True,False,False,0.0,,1278.0,1278.0,0.0,False,0,0.0,0.0,0
SI_Nuclear,producer,True,False,False,0.0,,703.0,703.0,0.0,False,0,0.0,0.0,0
SI_Battery,storage,True,True,False,77577.8503057667,,1000.0,0.0,0.0,False,0,0.0,,3
SI_Pump_Hydro_Closed,storage,True,False,False,0.0,,1000.0,180.0,0.0,False,180,2600.0,1300.0,0
SI_PEMEC,conversion,True,True,False,69706.05505619879,,1000.0,0.0,0.0,False,0,0.0,,0
SI_PEMFC,conversion,True,True,False,147495.02600554653,,1000.0,0.0,0.0,False,0,0.0,,0
SI_H2Tank,storage,True,True,False,12682.673923355702,,1000.0,0.0,0.0,False,0,0.0,,4
HU_E_Balance,hub,True,False,False,0.0,,0.0,0.0,0.0,False,0,0.0,0.0,0
HU_E_Demand,consumer,True,False,False,0.0,,0.0,0.0,10349.0,False,0,0.0,0.0,0
HU_E_ENS,producer,True,True,False,0.0,,1000.0,0.0,0.0,False,0,0.0,0.0,0
HU_Wind_Onshore,producer,True,True,False,77356.32865703155,326.0,1000.0,0.0,0.0,False,0,0.0,0.0,0
HU_Solar,producer,True,True,False,34342.98027538492,,1000.0,0.0,0.0,False,0,0.0,0.0,0
HU_Hydro,producer,True,False,False,0.0,,55.0,55.0,0.0,False,0,0.0,0.0,0
HU_Nuclear,producer,True,False,False,0.0,,3080.0,3080.0,0.0,False,0,0.0,0.0,0
HU_Battery,storage,True,True,False,77577.8503057667,,1000.0,0.0,0.0,False,0,0.0,,3
HU_H_Demand,consumer,True,False,False,0.0,,0.0,0.0,839.5833333333334,False,0,0.0,,0
HU_Blue_Hydrogen,producer,True,True,False,0.0,,1000.0,0.0,0.0,False,0,0.0,,0
HU_PEMEC,conversion,True,True,False,69706.05505619879,,1000.0,0.0,0.0,False,0,0.0,,0
HU_PEMFC,conversion,True,True,False,147495.02600554653,,1000.0,0.0,0.0,False,0,0.0,,0
HU_H2Tank,storage,True,True,False,12682.673923355702,,1000.0,0.0,0.0,False,0,0.0,,4
SK_E_Balance,hub,True,False,False,0.0,,0.0,0.0,0.0,False,0,0.0,0.0,0
SK_E_Demand,consumer,True,False,False,0.0,,0.0,0.0,1056.0,False,0,0.0,0.0,0
SK_E_ENS,producer,True,True,False,0.0,,1000.0,0.0,0.0,False,0,0.0,0.0,0
SK_Wind_Onshore,producer,True,True,False,77356.32865703155,495.0,1000.0,0.0,0.0,False,0,0.0,0.0,0
SK_Solar,producer,True,True,False,34342.98027538492,,1000.0,0.0,0.0,False,0,0.0,0.0,0
SK_Hydro,producer,True,False,False,0.0,,1592.0,1592.0,0.0,False,0,0.0,0.0,0
SK_Hydro_Reservoir,storage,True,False,False,0.0,,21.0,21.0,0.0,False,21,17242.0,8621.0,0
SK_Nuclear,producer,True,False,False,0.0,,2674.0,2674.0,0.0,False,0,0.0,0.0,0
SK_Battery,storage,True,True,False,77577.8503057667,,1000.0,0.0,0.0,False,0,0.0,,3
SK_Pump_Hydro_Closed,storage,True,False,False,0.0,,1000.0,650.0,0.0,False,650,4100.0,2050.0,0
SK_Pump_Hydro_Open,storage,True,False,False,0.0,,1000.0,276.0,0.0,False,276,45550.0,22775.0,0
SK_PEMEC,conversion,True,True,False,69706.05505619879,,1000.0,0.0,0.0,False,0,0.0,,0
SK_PEMFC,conversion,True,True,False,147495.02600554653,,1000.0,0.0,0.0,False,0,0.0,,0
SK_H2Tank,storage,True,True,False,12682.673923355702,,1000.0,0.0,0.0,False,0,0.0,,4
LT_E_Balance,hub,True,False,False,0.0,,0.0,0.0,0.0,False,0,0.0,0.0,0
LT_E_Demand,consumer,True,False,False,0.0,,0.0,0.0,2131.0,False,0,0.0,0.0,0
LT_E_ENS,producer,True,True,False,0.0,,1000.0,0.0,0.0,False,0,0.0,0.0,0
LT_Wind_Onshore,producer,True,True,False,77356.32865703155,2000.0,1000.0,0.0,0.0,False,0,0.0,0.0,0
LT_Wind_Offshore,producer,True,True,False,119732.61777406993,,1000.0,0.0,0.0,False,0,0.0,0.0,0
LT_Solar,producer,True,True,False,34342.98027538492,,1000.0,0.0,0.0,False,0,0.0,0.0,0
LT_Hydro,producer,True,False,False,0.0,,128.0,128.0,0.0,False,0,0.0,0.0,0
LT_Battery,storage,True,True,False,77577.8503057667,,1000.0,0.0,0.0,False,0,0.0,,3
LT_Pump_Hydro_Closed,storage,True,False,False,0.0,,1000.0,930.0,0.0,False,930,10600.0,5300.0,0
LT_PEMEC,conversion,True,True,False,69706.05505619879,,1000.0,0.0,0.0,False,0,0.0,,0
LT_PEMFC,conversion,True,True,False,147495.02600554653,,1000.0,0.0,0.0,False,0,0.0,,0
LT_H2Tank,storage,True,True,False,12682.673923355702,,1000.0,0.0,0.0,False,0,0.0,,4
LV_E_Balance,hub,True,False,False,0.0,,0.0,0.0,0.0,False,0,0.0,0.0,0
LV_E_Demand,consumer,True,False,False,0.0,,0.0,0.0,1409.0,False,0,0.0,0.0,0
LV_E_ENS,producer,True,True,False,0.0,,1000.0,0.0,0.0,False,0,0.0,0.0,0
LV_Wind_Onshore,producer,True,True,False,77356.32865703155,396.0,1000.0,0.0,0.0,False,0,0.0,0.0,0
LV_Wind_Offshore,producer,True,True,False,119732.61777406993,,1000.0,0.0,0.0,False,0,0.0,0.0,0
LV_Solar,producer,True,True,False,34342.98027538492,,1000.0,0.0,0.0,False,0,0.0,0.0,0
LV_Hydro,producer,True,False,False,0.0,,1608.0,1608.0,0.0,False,0,0.0,0.0,0
LV_Battery,storage,True,True,False,77577.8503057667,,1000.0,0.0,0.0,False,0,0.0,,3
LV_PEMEC,conversion,True,True,False,69706.05505619879,,1000.0,0.0,0.0,False,0,0.0,,0
LV_PEMFC,conversion,True,True,False,147495.02600554653,,1000.0,0.0,0.0,False,0,0.0,,0
LV_H2Tank,storage,True,True,False,12682.673923355702,,1000.0,0.0,0.0,False,0,0.0,,4
EE_E_Balance,hub,True,False,False,0.0,,0.0,0.0,0.0,False,0,0.0,0.0,0
EE_E_Demand,consumer,True,False,False,0.0,,0.0,0.0,1551.0,False,0,0.0,0.0,0
EE_E_ENS,producer,True,True,False,0.0,,1000.0,0.0,0.0,False,0,0.0,0.0,0
EE_Wind_Onshore,producer,True,True,False,77356.32865703155,838.0,1000.0,0.0,0.0,False,0,0.0,0.0,0
EE_Wind_Offshore,producer,True,True,False,119732.61777406993,,1000.0,0.0,0.0,False,0,0.0,0.0,0
EE_Solar,producer,True,True,False,34342.98027538492,,1000.0,0.0,0.0,False,0,0.0,0.0,0
EE_Battery,storage,True,True,False,77577.8503057667,,1000.0,0.0,0.0,False,0,0.0,,3
EE_PEMEC,conversion,True,True,False,69706.05505619879,,1000.0,0.0,0.0,False,0,0.0,,0
EE_PEMFC,conversion,True,True,False,147495.02600554653,,1000.0,0.0,0.0,False,0,0.0,,0
EE_H2Tank,storage,True,True,False,12682.673923355702,,1000.0,0.0,0.0,False,0,0.0,,4
FI_E_Balance,hub,True,False,False,0.0,,0.0,0.0,0.0,False,0,0.0,0.0,0
FI_E_Demand,consumer,True,False,False,0.0,,0.0,0.0,16523.0,False,0,0.0,0.0,0
FI_E_ENS,producer,True,True,False,0.0,,1000.0,0.0,0.0,False,0,0.0,0.0,0
FI_Wind_Onshore,producer,True,True,False,77356.32865703155,12369.0,1000.0,0.0,0.0,False,0,0.0,0.0,0
FI_Wind_Offshore,producer,True,True,False,119732.61777406993,,1000.0,0.0,0.0,False,0,0.0,0.0,0
FI_Solar,producer,True,True,False,34342.98027538492,,1000.0,0.0,0.0,False,0,0.0,0.0,0
FI_Hydro_Reservoir,storage,True,False,False,0.0,,3237.0,3237.0,0.0,False,3237,5530000.0,2765000.0,0
FI_Nuclear,producer,True,False,False,0.0,,4394.0,4394.0,0.0,False,0,0.0,0.0,0
FI_Battery,storage,True,True,False,77577.8503057667,,1000.0,0.0,0.0,False,0,0.0,,3
FI_H_Demand,consumer,True,False,False,0.0,,0.0,0.0,515.4166666666666,False,0,0.0,,0
FI_Blue_Hydrogen,producer,True,True,False,0.0,,1000.0,0.0,0.0,False,0,0.0,,0
FI_PEMEC,conversion,True,True,False,69706.05505619879,,1000.0,0.0,0.0,False,0,0.0,,0
FI_PEMFC,conversion,True,True,False,147495.02600554653,,1000.0,0.0,0.0,False,0,0.0,,0
FI_H2Tank,storage,True,True,False,12682.673923355702,,1000.0,0.0,0.0,False,0,0.0,,4
HR_E_Balance,hub,True,False,False,0.0,,0.0,0.0,0.0,False,0,0.0,0.0,0
HR_E_Demand,consumer,True,False,False,0.0,,0.0,0.0,2955.0,False,0,0.0,0.0,0
HR_E_ENS,producer,True,True,False,0.0,,1000.0,0.0,0.0,False,0,0.0,0.0,0
HR_Wind_Onshore,producer,True,True,False,77356.32865703155,2781.0,1000.0,0.0,0.0,False,0,0.0,0.0,0
HR_Solar,producer,True,True,False,34342.98027538492,,1000.0,0.0,0.0,False,0,0.0,0.0,0
HR_Hydro,producer,True,False,False,0.0,,425.0,425.0,0.0,False,0,0.0,0.0,0
HR_Hydro_Reservoir,storage,True,False,False,0.0,,1941.0,1941.0,0.0,False,1941,2045900.0,1022950.0,0
HR_Battery,storage,True,True,False,77577.8503057667,,1000.0,0.0,0.0,False,0,0.0,,3
HR_Pump_Hydro_Open,storage,True,False,False,0.0,,1000.0,281.0,0.0,False,281,18300.0,9150.0,0
HR_PEMEC,conversion,True,True,False,69706.05505619879,,1000.0,0.0,0.0,False,0,0.0,,0
HR_PEMFC,conversion,True,True,False,147495.02600554653,,1000.0,0.0,0.0,False,0,0.0,,0
HR_H2Tank,storage,True,True,False,12682.673923355702,,1000.0,0.0,0.0,False,0,0.0,,4
GR_E_Balance,hub,True,False,False,0.0,,0.0,0.0,0.0,False,0,0.0,0.0,0
GR_E_Demand,consumer,True,False,False,0.0,,0.0,0.0,10719.0,False,0,0.0,0.0,0
GR_E_ENS,producer,True,True,False,0.0,,1000.0,0.0,0.0,False,0,0.0,0.0,0
GR_Wind_Onshore,producer,True,True,False,77356.32865703155,6544.0,1000.0,0.0,0.0,False,0,0.0,0.0,0
GR_Wind_Offshore,producer,True,True,False,119732.61777406993,,1000.0,0.0,0.0,False,0,0.0,0.0,0
GR_Solar,producer,True,True,False,34342.98027538492,,1000.0,0.0,0.0,False,0,0.0,0.0,0
GR_Hydro,producer,True,False,False,0.0,,383.0,383.0,0.0,False,0,0.0,0.0,0
GR_Hydro_Reservoir,storage,True,False,False,0.0,,2744.0,2744.0,0.0,False,2744,3600000.0,1800000.0,0
GR_Battery,storage,True,True,False,77577.8503057667,,1000.0,0.0,0.0,False,0,0.0,,3
GR_Pump_Hydro_Closed,storage,True,False,False,0.0,,1000.0,680.0,0.0,False,680,0.0,0.0,0
GR_Pump_Hydro_Open,storage,True,False,False,0.0,,1000.0,699.0,0.0,False,699,4500.0,2250.0,0
GR_H_Demand,consumer,True,False,False,0.0,,0.0,0.0,739.1666666666666,False,0,0.0,,0
GR_Blue_Hydrogen,producer,True,True,False,0.0,,1000.0,0.0,0.0,False,0,0.0,,0
GR_PEMEC,conversion,True,True,False,69706.05505619879,,1000.0,0.0,0.0,False,0,0.0,,0
GR_PEMFC,conversion,True,True,False,147495.02600554653,,1000.0,0.0,0.0,False,0,0.0,,0
GR_H2Tank,storage,True,True,False,12682.673923355702,,1000.0,0.0,0.0,False,0,0.0,,4
BG_E_Balance,hub,True,False,False,0.0,,0.0,0.0,0.0,False,0,0.0,0.0,0
BG_E_Demand,consumer,True,False,False,0.0,,0.0,0.0,6994.0,False,0,0.0,0.0,0
BG_E_ENS,producer,True,True,False,0.0,,1000.0,0.0,0.0,False,0,0.0,0.0,0
BG_Wind_Onshore,producer,True,True,False,77356.32865703155,948.0,1000.0,0.0,0.0,False,0,0.0,0.0,0
BG_Solar,producer,True,True,False,34342.98027538492,,1000.0,0.0,0.0,False,0,0.0,0.0,0
BG_Hydro,producer,True,False,False,0.0,,536.0,536.0,0.0,False,0,0.0,0.0,0
BG_Hydro_Reservoir,storage,True,False,False,0.0,,1281.0,1281.0,0.0,False,1281,843000.0,421500.0,0
BG_Nuclear,producer,True,False,False,0.0,,1960.0,1960.0,0.0,False,0,0.0,0.0,0
BG_Battery,storage,True,True,False,77577.8503057667,,1000.0,0.0,0.0,False,0,0.0,,3
BG_Pump_Hydro_Closed,storage,True,False,False,0.0,,1000.0,864.0,0.0,False,864,9400.0,4700.0,0
BG_Pump_Hydro_Open,storage,True,False,False,0.0,,1000.0,535.0,0.0,False,535,255300.0,127650.0,0
BG_PEMEC,conversion,True,True,False,69706.05505619879,,1000.0,0.0,0.0,False,0,0.0,,0
BG_PEMFC,conversion,True,True,False,147495.02600554653,,1000.0,0.0,0.0,False,0,0.0,,0
BG_H2Tank,storage,True,True,False,12682.673923355702,,1000.0,0.0,0.0,False,0,0.0,,4
RO_E_Balance,hub,True,False,False,0.0,,0.0,0.0,0.0,False,0,0.0,0.0,0
RO_E_Demand,consumer,True,False,False,0.0,,0.0,0.0,10352.0,False,0,0.0,0.0,0
RO_E_ENS,producer,True,True,False,0.0,,1000.0,0.0,0.0,False,0,0.0,0.0,0
RO_Wind_Onshore,producer,True,True,False,77356.32865703155,5255.0,1000.0,0.0,0.0,False,0,0.0,0.0,0
RO_Solar,producer,True,True,False,34342.98027538492,,1000.0,0.0,0.0,False,0,0.0,0.0,0
RO_Hydro,producer,True,False,False,0.0,,3366.0,3366.0,0.0,False,0,0.0,0.0,0
RO_Hydro_Reservoir,storage,True,False,False,0.0,,2579.0,2579.0,0.0,False,2579,2425300.0,1212650.0,0
RO_Nuclear,producer,True,False,False,0.0,,1965.0,1965.0,0.0,False,0,0.0,0.0,0
RO_Battery,storage,True,True,False,77577.8503057667,,1000.0,0.0,0.0,False,0,0.0,,3
RO_Pump_Hydro_Open,storage,True,False,False,0.0,,1000.0,839.0,0.0,False,839,1506400.0,753200.0,0
RO_H_Demand,consumer,True,False,False,0.0,,0.0,0.0,600.4166666666666,False,0,0.0,,0
RO_Blue_Hydrogen,producer,True,True,False,0.0,,1000.0,0.0,0.0,False,0,0.0,,0
RO_PEMEC,conversion,True,True,False,69706.05505619879,,1000.0,0.0,0.0,False,0,0.0,,0
RO_PEMFC,conversion,True,True,False,147495.02600554653,,1000.0,0.0,0.0,False,0,0.0,,0
RO_H2Tank,storage,True,True,False,12682.673923355702,,1000.0,0.0,0.0,False,0,0.0,,4
CY_E_Balance,hub,True,False,False,0.0,,0.0,0.0,0.0,False,0,0.0,0.0,0
CY_E_Demand,consumer,True,False,False,0.0,,0.0,0.0,1331.0,False,0,0.0,0.0,0
CY_E_ENS,producer,True,True,False,0.0,,1000.0,0.0,0.0,False,0,0.0,0.0,0
CY_Wind_Onshore,producer,True,True,False,77356.32865703155,198.0,1000.0,0.0,0.0,False,0,0.0,0.0,0
CY_Solar,producer,True,True,False,34342.98027538492,,1000.0,0.0,0.0,False,0,0.0,0.0,0
CY_Battery,storage,True,True,False,77577.8503057667,,1000.0,0.0,0.0,False,0,0.0,,3
CY_PEMEC,conversion,True,True,False,69706.05505619879,,1000.0,0.0,0.0,False,0,0.0,,0
CY_PEMFC,conversion,True,True,False,147495.02600554653,,1000.0,0.0,0.0,False,0,0.0,,0
CY_H2Tank,storage,True,True,False,12682.673923355702,,1000.0,0.0,0.0,False,0,0.0,,4
